key	track	url	title
Yeat|AftërLyfe	Back homë	https://soundcloud.com/marcolaraxo/yeat-back-home-instrumental	Yeat - Back homë (Instrumental)
Yeat|Lyfë	Got it all	https://soundcloud.com/aphid-2/got-it-all-instrumental	Got It All (instrumental)
Yeat|Lyfë	Comë on	https://soundcloud.com/mikeal-hunt/yeat-come-on-instrumental	Yeat - Come On (INSTRUMENTAL)
Yeat|LYFESTYLE	FLYTROOP	https://soundcloud.com/rxvercarchive/yeat-flytroop-instrumental-150-bpm	Yeat - FLYTROOP [Instrumental] 150 BPM
Yeat|AftërLyfe	Split	https://www.youtube.com/watch?v=AFGa6TtX_tw	yeat - split instrumental
Yeat|2093	Lyfestylë	https://www.youtube.com/watch?v=MPdaJ92AYfs	Yeat & Lil Wayne - Lyfestyle [INSTRUMENTAL]
Yeat|LYFESTYLE	SO WHAT	https://www.youtube.com/watch?v=agCBmc_-MAg	Yeat - SO WHAT (Instrumental)
Yeat|ADL	FACE THE FLAMË	https://www.youtube.com/watch?v=t8zX_U5dSx8	Yeat - Face The Flamë (INSTRUMENTAL) ft. NBA YoungBoy
Yeat|COCOON	in2that	https://www.youtube.com/watch?v=HCVrLrSws4Q	Yeat - IN2THAT (FL Studio Remake | FLP)
Playboi Carti|Playboi Carti	Lame Niggaz	https://soundcloud.com/elninodarian/playboi-carti-lame-niggaz-instrumental-prod-by-pierre-bourne-1	Playboi Carti - Lame Niggaz (Instrumental) [Prod. Pi'erre Bourne]
Playboi Carti|Whole Lotta Red	King Vamp	https://soundcloud.com/gg-tre/playboi-carti-king-vamp	Playboi Carti - King Vamp (Instrumental)
Lil Uzi Vert|Luv Is Rage 2	No Sleep Leak	https://soundcloud.com/flex-ninja/lil-uzi-vert-type-beat-no	No Sleep Leak INSTRUMENTAL (Flipped)
Lil Uzi Vert|Eternal Atake 2	Light Year (Practice)	https://www.youtube.com/watch?v=QMi6i3kpl4k	Lil Uzi Vert - Light Year (Practice) [INSTRUMENTAL]
Lil Uzi Vert|Eternal Atake 2	The Rush	https://www.youtube.com/watch?v=NN8QQtYTMOM	Lil Uzi Vert - The Rush (INSTRUMENTAL) Ft. Big Time Rush
Lil Uzi Vert|Eternal Atake 2	Black Hole	https://www.youtube.com/watch?v=7rwsV_nWdIU	Lil Uzi Vert - Black Hole INSTRUMENTAL
Lil Uzi Vert|Eternal Atake 2	Conceited	https://www.youtube.com/watch?v=rCrqzzlL1xI	Lil Uzi Vert - Conceited (Instrumental)
Ken Carson|A Great Chaos	Nightcore 2	https://www.youtube.com/watch?v=XzHeDTBe84s	[INSTRUMENTAL] Ken Carson - Nightcore 2 (100% Accurate)
Ken Carson|More Chaos	Confetti	https://www.youtube.com/watch?v=L01MqUHSA8c	Confetti (Instrumental) - Ken Carson
Ken Carson|xperiment	edm	https://www.youtube.com/watch?v=JErggI92Mhc	Ken Carson - edm (Instrumental)
Ken Carson|cartunez	Vamp City	https://www.youtube.com/watch?v=dTDUccOT02Y	Ken Carson - Vamp City ( INSTRUMENTAL ) ft. OsamaSon
Ken Carson|X	Turn Up	https://soundcloud.com/rhys-jenkins-556275090/ken-carson-turn-up-instrumental-prod-rj-the-1st	KEN CARSON - TURN UP [INSTRUMENTAL] (PROD. RJ THE 1ST)
Destroy Lonely|NO STYLIST	<3MYGNG	https://www.youtube.com/watch?v=sMSoHnsouto	Destroy Lonely - 3MYGNG INSTRUMENTAL (prod. KP Beatz, Jonah Abraham)
