Yeat|Up 2 Më	Cmon	https://www.youtube.com/watch?v=hzyrhPtVZ2U	YEAT - Cmon [UP2MË][Official Instrumental](Prod. Flansie)	https://www.youtube.com/watch?v=WaiEsrrZ6lY
Yeat|Up 2 Më	Morning mudd	https://www.youtube.com/watch?v=KdsQxR1BLvU	Yeat - Morning mudd (INSTRUMENTAL)	https://www.youtube.com/watch?v=UMQDqIwvKjg
Yeat|Up 2 Më	Got rich	https://www.youtube.com/watch?v=KY62VBwNQiE	Yeat - Got Rich Instrumental	
Yeat|Up 2 Më	Lët ya know	https://www.youtube.com/watch?v=rT2E-TmQcCo	Yeat - Let ya know (INSTRUMENTAL)	https://www.youtube.com/watch?v=5Mn3u2WJbiM
Yeat|Up 2 Më	Stayëd tha same	https://www.youtube.com/watch?v=lNhWI33gGzA	Yeat - Stayëd tha same (INSTRUMENTAL)	https://www.youtube.com/watch?v=V8ql2COLBtg
Yeat|Up 2 Më	Gët Busy	https://www.youtube.com/watch?v=UMb8MBa__8E	YEAT - Gët Busy (Official Instrumental) [NO LOOPS]	https://www.youtube.com/watch?v=KOT2J8_3fz0
Yeat|Up 2 Më	Rokstar	https://www.youtube.com/watch?v=2v23hBMBd0w	Yeat - Rokstar *Instrumental* (prod Gokami, Starboyrob & Ayemajin)	https://www.youtube.com/watch?v=mIQuAdOQNCo
Yeat|Up 2 Më	Trëndy way	https://www.youtube.com/watch?v=ggJLvpF5xVg	Yeat - Trendy Way (Official instrumental)	https://www.youtube.com/watch?v=r4-lSyqqJX0
Yeat|Up 2 Më	Swërved It	https://www.youtube.com/watch?v=tsNhFI6CrgY	Swërved It - Yeat (Official Instrumental)	https://www.youtube.com/watch?v=Mz4N2EPqSsQ
Yeat|Up 2 Më	Ya Ya	https://m.youtube.com/watch?v=ZZmhVbc6I58	Yeat - Ya Ya (Instrumental)	https://www.youtube.com/watch?v=R90SAnOqAWM
Yeat|Up 2 Më	U could tëll	https://www.youtube.com/watch?v=ut5iBW1741s	Yeat – U could tëll [Closest Instrumental]	https://www.youtube.com/watch?v=NnrndqtXKsQ
Yeat|Up 2 Më	Told ya	https://www.youtube.com/watch?v=RS-32pk7BcU	Yeat - Told Ya OFFICIAL INSTRUMENTAL (Prod. dulio + malikaix8)	https://www.youtube.com/watch?v=5y6f-d6VQYg
Yeat|Lyfë	Out thë way	https://www.youtube.com/watch?v=t5WnReNkVxA	Yeat - Out thë way (Instrumental)	https://www.youtube.com/watch?v=OwaWazxfz0M
Yeat|2093	Run Thëy Mouth	https://www.youtube.com/watch?v=LLbEmPhPPHQ	Yeat - Run They Mouth [INSTRUMENTAL]	
Yeat|Up 2 Më	Factz	https://www.youtube.com/watch?v=gIcJ014f7Cw	Yeat - Factz (Official Instrumental) (Produced By Synthetic)	https://www.youtube.com/watch?v=3fkELHUdTzI
Yeat|Up 2 Më	Bak on ëm	https://www.youtube.com/watch?v=OVpbPbDBank	Yeat - Bak on em (INSTRUMENTAL)	
Yeat|Up 2 Më	Turban	https://www.youtube.com/watch?v=FyNbk0SJ0p0	YEAT - Turban [UP2MË][Official Instrumental](Prod. Artist)	https://www.youtube.com/watch?v=0o4B7J8wlCE
Yeat|Up 2 Më	Twizzy Rich	https://www.youtube.com/watch?v=tUF7OP3XOrU	Yeat - Twizzy Rich (INSTRUMENTAL)	https://www.youtube.com/watch?v=nPlHYx2hk8A
Yeat|Up 2 Më	Monëy so big	https://www.youtube.com/watch?v=m3gT_617gYE	Yeat - Monëy So Big Instrumental (Accurate)	https://www.youtube.com/watch?v=aoq8b1VoMQY
Yeat|Up 2 Më	Dëserve it	https://www.youtube.com/watch?v=dysZLLeLSMk	Yeat - Deserve it (INSTRUMENTAL)	https://www.youtube.com/watch?v=H0leCAK_Yxg
Yeat|Up 2 Më	Kant changë	https://www.youtube.com/watch?v=RnYijRW4Yro	Yeat - Kant changë (OFFICIAL INSTRUMENTAL) prod. subzeroswiz	https://www.youtube.com/watch?v=waoix9oHoiA
Yeat|Up 2 Më	Callin më	https://www.youtube.com/watch?v=JdYkseADgB4	Yeat - Callin me (INSTRUMENTAL)	
Yeat|Up 2 Më	Lying 4 fun	https://www.youtube.com/watch?v=UjpszrhZMf4	Yeat - Lying 4 fun (Perfect Instrumental w/ Adlibs)	https://m.youtube.com/watch?v=tOBwCycJIPs
Yeat|2 Alivë	Call Më	https://www.youtube.com/watch?v=7zCSX3oQjsY	Yeat - Call me/Call më [Official Instrumental][2 Alivë]	https://www.youtube.com/watch?v=Pholkf5AQow
Yeat|2 Alivë	Kant Dië	https://www.youtube.com/watch?v=UmAg608lS04	Yeat - Kant dië (Instrumental) (reprod. eza333)	
Yeat|Lyfë	Talk	https://www.youtube.com/watch?v=DPAZcVsBNZg	Yeat - Talk (Instrumental)	
Yeat|2093	Morë	https://www.youtube.com/watch?v=Ug166cmdYf0	Yeat - More (Instrumental)	
Yeat|2093	1093	https://www.youtube.com/watch?v=l56XvlgcwJY	Yeat - 1093 INSTRUMENTAL	
Yeat|DANGEROUS SUMMER	COMË N GO	https://www.youtube.com/watch?v=BMp4rrocsJo	Yeat - COME N GO Instrumental {NO LOOPS}	
Yeat|COCOON	earnëd it	https://m.youtube.com/watch?v=5ULRLzwxlLM	Yeat - EARNED IT (Instrumental) [COCOON]	
Yeat|Up 2 Më	Hëy			NOT FOUND
Yeat|2 Alivë	Poppin	https://www.youtube.com/watch?v=bKREVIB7LAw	Yeat - Poppin [Official Instrumental][2 Alivë][Prod.Benjicold]	https://www.youtube.com/watch?v=VYcdCIpxnng
Yeat|2 Alivë	Outsidë	https://www.youtube.com/watch?v=VQxMP2E8PKc	Yeat - Outside (OFFICIAL INSTRUMENTAL)	https://www.youtube.com/watch?v=49ChpRc_Ubw
Yeat|2 Alivë	Rëal Six	https://www.youtube.com/watch?v=82X-0OvV9SU	Yeat - Rëal six [Official Instrumental][2 Alivë]	https://www.youtube.com/watch?v=fkdfrlYTSU8
Yeat|2 Alivë	Nvr Again	https://www.youtube.com/watch?v=IgnOSN-kxWk	Yeat - Nvr Again (OFFICIAL INSTRUMENTAL)	https://www.youtube.com/watch?v=Hazfw9jf3Xc
Yeat|2 Alivë	Luh Gëek	https://www.youtube.com/watch?v=zn3Y-vzlGXM	Instrumental - Luh gëek by Yeat	https://www.youtube.com/watch?v=ivLhyrKEDpQ
Yeat|2 Alivë	Rackz Got Më	https://www.youtube.com/watch?v=b7_mrpnGz3Q	Yeat - Rackz got me (ft.Gunna) (OFFICIAL INSTRUMENTAL)	https://www.youtube.com/watch?v=KSfTU6bT4gI
Yeat|2 Alivë	Doublë	https://www.youtube.com/watch?v=sKqfuD7dNbE	Yeat - Doublë INSTRUMENTAL 【2 Alivë】	https://www.youtube.com/watch?v=AkaQsaYr6Og
Yeat|2 Alivë	On Tha Linë	https://www.youtube.com/watch?v=TvJBIvsT8Gs	Yeat - On Tha Linë INSTRUMENTAL 【2 Alivë】	https://www.youtube.com/watch?v=KI0A65KjdYg
Yeat|2 Alivë	Jus Bëtter	https://www.youtube.com/watch?v=-wcSu8ZC6TA	Yeat - Jus Bëtter INSTRUMENTAL 【2 Alivë】	https://www.youtube.com/watch?v=wEydUFJ54fE
Yeat|2 Alivë	Jump	https://www.youtube.com/playlist?list=PL786OPIoiQxEnoZKuj1LA2J7zRfwo79xp	(no single video found) Yeat 2 Alivë Instrumentals playlist	
Yeat|2 Alivë	Dnt Lië	https://www.youtube.com/watch?v=NDEY1TBlieQ	Instrumental - Dnt lië by Yeat	https://www.youtube.com/watch?v=YQXl5KhJcaM
Yeat|2 Alivë	Rollin	https://www.youtube.com/watch?v=lftieixi89M	Yeat - Rollin (Instrumental) [Prod. dulio & Rision]	https://www.youtube.com/watch?v=ExNjkyvmvtE
Yeat|2 Alivë	Taliban	https://www.youtube.com/watch?v=mszCuCXSzJw	Yeat - Taliban INSTRUMENTAL 【2 Alivë】	https://www.youtube.com/watch?v=VRUJ2ZQgCoc
Yeat|2 Alivë	Narcoticz	https://www.youtube.com/watch?v=Kv0LU9bDK2c	Instrumental - Narcoticz (feat. Yung Kayo) by Yeat	
Yeat|2 Alivë	Gëek High	https://www.youtube.com/watch?v=10qIk68agaU	YEAT - Gëek high (Ft. Ken Car$on) Instrumental (prod Flansie)	https://www.youtube.com/watch?v=cjJiTb4AKeo
Yeat|2 Alivë	Luh M	https://www.youtube.com/watch?v=s_dBjTriwLo	Yeat - Luh m (ft. Septembersrich) (OFFICIAL INSTRUMENTAL)	https://www.youtube.com/watch?v=VWuunr-e3-g
Yeat|2 Alivë	Smooktobër	https://www.youtube.com/watch?v=lrdFIQUqd2M	Instrumental - Smooktobër by Yeat	
Yeat|2 Alivë	Still Countin	https://www.youtube.com/watch?v=HMO3bQzPxng	Yeat - Still Countin INSTRUMENTAL 【2 Alivë】	https://www.youtube.com/watch?v=ncBzZNg29B4
Yeat|Lyfë	Flawlëss	https://www.youtube.com/watch?v=BVCdKU19kZM	Yeat - Flawless (feat. Lil Uzi Vert) [Instrumental] (prod. BNYX)	https://www.youtube.com/watch?v=s0EgOF4Ten0
Yeat|Lyfë	Up off X	https://www.youtube.com/watch?v=22EculPemZ0	Yeat - Up Off X (OFFICIAL INSTRUMENTAL)	https://www.youtube.com/watch?v=fUJ9MXS4Acg
Yeat|Lyfë	Wat it feel lykë	https://www.youtube.com/watch?v=T1B2CQwsg4k	Yeat - Wat it feel lykë (Instrumental)	https://www.youtube.com/watch?v=n-hIXaENpxM
Yeat|Lyfë	Got it all	https://www.youtube.com/watch?v=kbDePgsnvR4	Yeat - Got It All (OFFICIAL INSTRUMENTAL)	https://www.youtube.com/watch?v=tji5y8hwptA
Yeat|Lyfë	Can't stop it	https://www.youtube.com/watch?v=EIJ-K6j2V58	Yeat - Can't stop it (Instrumental)	https://www.youtube.com/watch?v=csVoezAZUZQ
Yeat|Lyfë	Krank	https://www.youtube.com/watch?v=F2_ZG_gHr6o	Yeat - Krank (INSTRUMENTAL)	https://www.youtube.com/watch?v=wuDuDOlSd40
Yeat|Lyfë	Comë on			NOT FOUND
Yeat|Lyfë	Systëm	https://www.youtube.com/watch?v=EfXIQei5Z78	Yeat - System (INSTRUMENTAL)	https://www.youtube.com/watch?v=Uquq2f-KRoo
Yeat|Lyfë	Holy 1	https://www.youtube.com/watch?v=p4kS7X9_RSc	Yeat - Holy 1 (INSTRUMENTAL)	
Yeat|Lyfë	Killin ëm	https://www.youtube.com/watch?v=h0-m1f9ZFfg	Yeat - Killin Em (OFFICIAL INSTRUMENTAL)	https://www.youtube.com/watch?v=Q1oik0HVkKE
Yeat|AftërLyfe	No morë talk	https://www.youtube.com/watch?v=xaJdXsBNLqE	Yeat - No more talk (OFFICIAL INSTRUMENTAL)	https://www.youtube.com/watch?v=yOByFXoFZs8
Yeat|LYFESTYLE	LYFE PARTY	https://www.youtube.com/watch?v=vQNYPrBmDhY	Yeat - LYFE PARTY (Instrumental)	
Yeat|2093	Lyfestylë	https://www.youtube.com/watch?v=Zfk-XULU0Ls	Yeat - Lyfestyle Ft Lil Wayne 【OFFICIAL INSTRUMENTAL】	
Yeat|AftërLyfe	Shmunk	https://www.youtube.com/watch?v=6sOHxgwoRZQ	Yeat - Shmunk (feat. YoungBoy Never Broke Again) [Official Instrumental]	https://www.youtube.com/watch?v=SOvm0q4qXiE
Yeat|AftërLyfe	Bëttr 0ff	https://www.youtube.com/watch?v=ogoFiTLqxjI	Yeat - Bëttr 0ff [Official Instrumental]	https://www.youtube.com/watch?v=GyUPeJQSkPI
Yeat|AftërLyfe	Rav3 p4rty	https://www.youtube.com/watch?v=cQdQlUKkFuk	Yeat - Rav3 p4rty (feat. Kranky Kranky) [Official Instrumental]	
Yeat|AftërLyfe	Nun id change	https://www.youtube.com/watch?v=P5NR1Dkvsvc	Yeat - Nun id change (Instrumental)	https://www.youtube.com/watch?v=COOGS0a_wQI
Yeat|AftërLyfe	Woa…!	https://www.youtube.com/watch?v=VVDUi01OzpE	Yeat - Woa INSTRUMENTAL【AftërLyfe】	
Yeat|AftërLyfe	Now	https://www.youtube.com/playlist?list=PL786OPIoiQxGKk88M4OOKIgWuh1AfBmJP	(no single video found) Yeat AftërLyfe Instrumentals playlist	
Yeat|AftërLyfe	Slamm	https://www.youtube.com/watch?v=XIUsPtUo2Bw	Yeat - Slamm (INSTRUMENTAL)	
Yeat|AftërLyfe	7 nightz	https://www.youtube.com/watch?v=VgOwghgWs1I	Yeat - 7 nightz (INSTRUMENTAL)	https://www.youtube.com/watch?v=Pj4VBD1aFzM
Yeat|AftërLyfe	Mëan feen	https://www.youtube.com/watch?v=uqzWCw5LZv4	Yeat - (OFFICIAL INSTRUMENTAL) - Mean Feen	https://www.youtube.com/watch?v=RObW6c-dcK4
Yeat|AftërLyfe	How it go	https://www.youtube.com/watch?v=_VslMtN-7dA	YEAT - How It Go (Official Instrumental)	https://www.youtube.com/watch?v=Y89I-UD7mMo
Yeat|LYFESTYLE	FATË	https://www.youtube.com/watch?v=4PtQS1z7vLk	Yeat - Fate (Official Instrumental)	
Yeat|AftërLyfe	Sum 2 do	https://www.youtube.com/watch?v=5oRyI7WN_X4	Yeat - Sum 2 Do (INSTRUMENTAL)	
Yeat|AftërLyfe	Back up	https://www.youtube.com/watch?v=L7HCA8tPKB8	Yeat - Back Up INSTRUMENTAL【AftërLyfe】	
Yeat|AftërLyfe	Split	https://www.youtube.com/watch?v=QaiQHd8098k	YEAT - Split (Official Instrumental) [SEPARATED]	https://m.youtube.com/watch?v=5n3wb9UJvKY
Yeat|AftërLyfe	Bad bënd / DëMON	https://www.youtube.com/watch?v=hnFqi55g7vg	Yeat – Bad bënd / DëMON (Instrumental)	https://www.youtube.com/watch?v=ZeDop4sXcro
Yeat|AftërLyfe	Hëavyweight	https://www.youtube.com/watch?v=87Pshhwzv4o	Yeat - Heavyweight (INSTRUMENTAL)	https://www.youtube.com/watch?v=1BGBAQCMnko
Yeat|AftërLyfe	Watch	https://www.youtube.com/playlist?list=PL786OPIoiQxGKk88M4OOKIgWuh1AfBmJP	(no single video found) Yeat AftërLyfe Instrumentals playlist	
Yeat|AftërLyfe	Shhhh	https://www.youtube.com/watch?v=nXnGE601z6w	Yeat - Shhhh (Instrumental w/ Adlibs | Background Vocals)	
Yeat|AftërLyfe	Back homë	https://www.youtube.com/watch?v=NNImuwvxc7I	Yeat - Back homë (Instrumental)	https://www.youtube.com/watch?v=Qk3vvZ55jnw
Yeat|AftërLyfe	Type monëy	https://www.youtube.com/watch?v=sEgjMPI8KOo	Yeat - Type monëy (Instrumental)	https://www.youtube.com/watch?v=p2n2sIC4mVE
Yeat|AftërLyfe	Dëmon tied	https://www.youtube.com/watch?v=WFQFcD5UNEI	Yeat - Demon tied (INSTRUMENTAL)	
Yeat|AftërLyfe	Myself	https://www.youtube.com/live/3IP8769EVu0	Yeat - Mysëlf (Instrumental)	https://www.youtube.com/watch?v=n3jOtVGS_tw
Yeat|LYFESTYLE	GOD TALKIN SHHH	https://www.youtube.com/watch?v=4TBxFjARJLc	Yeat - GOD TALKIN SHHH (Instrumental with Adlibs | Background Vocals)	
Yeat|2093	Psycho CEO	https://www.youtube.com/playlist?list=PLLB0U3sXCDRiKhoV5EexIq-oJRed_GLP-	(no clean single video found) Yeat - 2093 (Instrumentals) playlist	https://www.youtube.com/watch?v=rXot8p_wP18
Yeat|2093	Power Trip	https://www.youtube.com/watch?v=2N9U4o3z8tw	Yeat - Power Trip [INSTRUMENTAL]	https://www.youtube.com/watch?v=B29GzOygogQ
Yeat|2093	Breathe	https://www.youtube.com/watch?v=r-nEaS71P_c	Breathe - Yeat | Official Instrumental	https://www.youtube.com/watch?v=capslBoLcm0
Yeat|2093	Bought The Earth	https://www.youtube.com/watch?v=raDG-aGwAB4	Yeat - Bought The Earth (Instrumental)	https://www.youtube.com/watch?v=H32ru-WEQ24
Yeat|2093	Nothing Changë	https://www.youtube.com/watch?v=YIbTgFb4Pw4	Yeat - Nothing Change (INSTRUMENTAL)	https://www.youtube.com/watch?v=Bi9Oc7vg2NI
Yeat|2093	As We Speak	https://www.youtube.com/watch?v=kj_kAT-ZOuw	Yeat & Drake - As We Speak (Instrumental)	https://www.youtube.com/watch?v=Qo271hhUItg
Yeat|2093	U Should Know	https://www.youtube.com/watch?v=-dGvsqSc1AM	Yeat - U Should Know (instrumental)	
Yeat|2093	ILUV	https://www.youtube.com/watch?v=Yjg_AElQCyQ	Yeat - ILUV (Instrumental)	https://www.youtube.com/watch?v=5sbmAUASKd8
Yeat|2093	Shade	https://www.youtube.com/watch?v=iQZPlphPcZc	Yeat - Shade (Instrumental)	https://www.youtube.com/watch?v=IxC_3G4aLMU
Yeat|2093	Tell më	https://www.youtube.com/watch?v=h960kn_Wg-o	Yeat - Tell Me (Instrumental)	https://www.youtube.com/playlist?list=PLt4vIhXJWNSGHDyI5GCIssEtGPoAH1DFa
Yeat|2093	Never quit	https://www.youtube.com/watch?v=9XJEcKF_VAw	Yeat - Never quit (Instrumental)	https://www.youtube.com/watch?v=dda0c5DjGbY
Yeat|2093	Keep Pushin	https://www.youtube.com/playlist?list=PLt4vIhXJWNSGHDyI5GCIssEtGPoAH1DFa	(no single video found) YEAT - 2093 FULL ALBUM (INSTRUMENTALS) playlist	
Yeat|2093	Riot & Set it off	https://www.youtube.com/watch?v=qwcEYLdSorg	Yeat - Riot & Set it off (Instrumental)	
Yeat|2093	Team ceo	https://www.youtube.com/watch?v=TtdfGPxI1Q4	Yeat - Team ceo (Instrumental)	
Yeat|2093	2093	https://www.youtube.com/playlist?list=PLLB0U3sXCDRiKhoV5EexIq-oJRed_GLP-	(no single video found) Yeat - 2093 (Instrumentals) playlist	
Yeat|2093	Stand On It	https://www.youtube.com/watch?v=Ta7sEt4cl9U	Yeat ft. Future - Stand On It (Instrumental)	https://www.youtube.com/watch?v=WohoxwFFigY
Yeat|2093	Familia	https://www.youtube.com/watch?v=D-5Utf-NBx4	Yeat - Familia [Official Instrumental]	https://www.youtube.com/watch?v=ziAGsVRO2M8
Yeat|2093	Mr. Inbetweenit	https://www.youtube.com/watch?v=_B5nABfMmJs	Yeat - Mr. inbetweenit (Instrumental)	
Yeat|2093	Psychocainë	https://www.youtube.com/watch?v=L22yWf4KZXU	Yeat - Psychocaine (Instrumental)	
Yeat|LYFESTYLE	GEEK TIMË	https://www.youtube.com/watch?v=07Zpu2LVS2Y	Yeat - GEEK TIMË (Instrumental)	https://www.youtube.com/watch?v=J28pHj2wTOk
Yeat|LYFESTYLE	STFU	https://www.youtube.com/watch?v=iFXHSX6jIsE	Yeat - STFU (Instrumental)	https://www.youtube.com/watch?v=4sR5sFvTdCM
Yeat|LYFESTYLE	THEY TELL MË	https://www.youtube.com/watch?v=4cFmnh9KBtU	Yeat - THEY TELL ME (OFFICIAL INSTRUMENTAL)	https://www.youtube.com/watch?v=PSvimOM3Tlk
Yeat|LYFESTYLE	HEARD OF MË	https://www.youtube.com/watch?v=gz8TKb2haog	YEAT - HEARD OF MË (Official Instrumental)	https://www.youtube.com/watch?v=uVqqu-6jvsE
Yeat|LYFESTYLE	SPEEDBALL	https://www.youtube.com/watch?v=-g7M2FzP-2o	SPEEDBALL (Instrumental) - Yeat	
Yeat|LYFESTYLE	U DON'T KNOW LYFE	https://www.youtube.com/playlist?list=PL1gyBsKM6u_tOM6uac9bCCh1ieyFkI20W	(no single video found) Yeat Lyfestyle Instrumentals playlist	https://www.youtube.com/playlist?list=PLLB0U3sXCDRglKYfyrYzpBQJ2ZpPQG44b
Yeat|LYFESTYLE	ORCHESTRATË	https://www.youtube.com/watch?v=yPr9vgygmsQ	Yeat - Orchestrate (Instrumental)	https://www.youtube.com/watch?v=IXCnwjknhqM
Yeat|LYFESTYLE	BË QUIET	https://www.youtube.com/watch?v=RvXhG49k-iA	Yeat - BË QUIET (Ft. Kodak Black) (Instrumental)	https://www.youtube.com/watch?v=9BDzYw7sOPo
Yeat|LYFESTYLE	THE COSTËS	https://www.youtube.com/watch?v=nUe3kRwq384	THE COSTES (Instrumental) - Yeat	
Yeat|LYFESTYLE	GO2WORK	https://m.youtube.com/watch?v=r8VfLjoYnxo	Yeat, Summrs - Go2work (Instrumental)	https://www.youtube.com/watch?v=BdvZ-HBDN9Q
Yeat|LYFESTYLE	GONE 4 A MIN	https://www.youtube.com/watch?v=f42nOzmM-vM	YEAT - GONE 4 A MIN (Official Instrumental)	https://www.youtube.com/watch?v=CY_McfN5AWA
Yeat|LYFESTYLE	NEW HIGH	https://www.youtube.com/watch?v=1NRZjSnD3Pg	Yeat, Don Toliver - New High (Instrumental)	
Yeat|LYFESTYLE	FOREVER AGAIN	https://www.youtube.com/watch?v=0n5muBdqnTQ	Yeat - FOREVER AGAIN (instrumental)	
Yeat|LYFESTYLE	ON 1	https://www.youtube.com/playlist?list=PL1gyBsKM6u_tOM6uac9bCCh1ieyFkI20W	(no single video found) Yeat Lyfestyle Instrumentals playlist	
Yeat|LYFESTYLE	FLYTROOP	https://www.youtube.com/playlist?list=PL1gyBsKM6u_tOM6uac9bCCh1ieyFkI20W	(no single video found) Yeat Lyfestyle Instrumentals playlist	
Yeat|LYFESTYLE	ELIMINATË	https://www.youtube.com/playlist?list=PL1gyBsKM6u_tOM6uac9bCCh1ieyFkI20W	(no single video found) Yeat Lyfestyle Instrumentals playlist	
Yeat|LYFESTYLE	LYING 5 FUN	https://www.youtube.com/watch?v=WIVE_GqT9BA	Yeat - LYING 5 FUN (Instrumental)	https://www.youtube.com/watch?v=oJGgvRAQDL4
Yeat|LYFESTYLE	SO WHAT	https://www.youtube.com/playlist?list=PL1gyBsKM6u_tOM6uac9bCCh1ieyFkI20W	(no single video found) Yeat Lyfestyle Instrumentals playlist	
Yeat|LYFESTYLE	LYFESTYLE	https://www.youtube.com/watch?v=hVNB3VJex60	Yeat - LYFESTYLE (ft Lil Durk) (Instrumental)	https://www.youtube.com/watch?v=J01nqfu0VZM
Yeat|DANGEROUS SUMMER	PUT IT ONG	https://www.youtube.com/watch?v=YallKSPHbFk	Put It Ong (Instrumental) - Yeat (prod. BNYX®, Sapjer, Elkan & Lucid740)	https://www.youtube.com/watch?v=xsEpBYUCdb8
Yeat|DANGEROUS SUMMER	LOCO	https://www.youtube.com/watch?v=R1mfrYlbn4k	Yeat - LOCO (Instrumental with Adlibs | Background Vocals)	https://www.youtube.com/playlist?list=PLLB0U3sXCDRiH-RkuDqraa_UaYHGiSTr1
Yeat|DANGEROUS SUMMER	LOOSE LEAF	https://www.youtube.com/watch?v=k_OW9b0pCuM	LOOSE LEAF - Yeat (Instrumental with Adlibs)	
Yeat|DANGEROUS SUMMER	FLY NITË	https://www.youtube.com/watch?v=m9m7HVUZc3c	Yeat - Fly Nite (Instrumental) [From Dangerous Summer]	
Yeat|DANGEROUS SUMMER	OH I DID	https://www.youtube.com/watch?v=-DTzM3wVVEs	Yeat, NGeeYL - OH I DID (Instrumental) [From Dangerous Summer]	https://www.youtube.com/watch?v=1pMeMIPjaNo
Yeat|DANGEROUS SUMMER	[ADL IS COMING]	https://www.youtube.com/watch?v=zjMQ1htIQqo	Yeat - [ADL IS COMING] (Instrumental)	
Yeat|DANGEROUS SUMMER	IM YEAT	https://www.youtube.com/playlist?list=PLLB0U3sXCDRiH-RkuDqraa_UaYHGiSTr1	(no single video found) Yeat - DANGEROUS SUMMER (Instrumentals) playlist	
Yeat|DANGEROUS SUMMER	M.F.U.	https://www.youtube.com/watch?v=3V81cNG67qc	Yeat - M.F.U. (Instrumental) - ft. SahBabii	
Yeat|DANGEROUS SUMMER	2TONE	https://www.youtube.com/watch?v=xgjvfFxTtPo	Yeat, Don Toliver - 2TONE (Instrumental)	https://www.youtube.com/watch?v=4t7mJP0t6IQ
Yeat|ADL	PURPOSE GENERAL	https://www.youtube.com/watch?v=zH28yPmEVC0	Yeat - Purpose General (Instrumental)	https://www.youtube.com/watch?v=vGFdY2atKZI
Yeat|ADL	LET KING TONKA TALK	https://www.youtube.com/watch?v=EH9W9vZ87u8	yeat - Let King Tonka Talk (feat. King Kylie) (Instrumental)	https://m.youtube.com/watch?v=CmVjs7YNmLE
Yeat|ADL	MY WAY	https://www.youtube.com/playlist?list=PLLB0U3sXCDRicaF_LsxyPnFHRkxDWcg_-	(no single video found) Yeat - ADL (Instrumentals) playlist	
Yeat|ADL	LIVE LIKË DIS	https://www.youtube.com/playlist?list=PLLB0U3sXCDRicaF_LsxyPnFHRkxDWcg_-	(no single video found) Yeat - ADL (Instrumentals) playlist	
Yeat|ADL	MADE IT ON OUR OWN	https://www.youtube.com/watch?v=98_pLmfq6_4	Yeat & EsDeeKid - Made It On Our Own | Instrumental	
Yeat|ADL	LOSE CONTROL	https://www.youtube.com/playlist?list=PLLB0U3sXCDRicaF_LsxyPnFHRkxDWcg_-	(no single video found) Yeat - ADL (Instrumentals) playlist	
Yeat|ADL	FACE THE FLAMË	https://www.youtube.com/watch?v=ubYMgSKDuaI	Yeat - Face The Flame (INSTRUMENTAL) ft. NBA YoungBoy	
Yeat|ADL	DANGEROUS HOUSE	https://www.youtube.com/watch?v=opIAowZPQoY	Yeat - Dangerous House (Instrumental)	https://www.youtube.com/watch?v=4lNWmZbP9xg
Yeat|ADL	NO MORE GHOSTS	https://www.youtube.com/playlist?list=PLLB0U3sXCDRicaF_LsxyPnFHRkxDWcg_-	(no single video found) Yeat - ADL (Instrumentals) playlist	
Yeat|ADL	NAKED	https://www.youtube.com/playlist?list=PLLB0U3sXCDRicaF_LsxyPnFHRkxDWcg_-	(no single video found) Yeat - ADL (Instrumentals) playlist	
Yeat|ADL	2NITE	https://www.youtube.com/playlist?list=PLLB0U3sXCDRicaF_LsxyPnFHRkxDWcg_-	(no single video found) Yeat - ADL (Instrumentals) playlist	
Yeat|ADL	GEEK LUV	https://www.youtube.com/playlist?list=PLLB0U3sXCDRicaF_LsxyPnFHRkxDWcg_-	(no single video found) Yeat - ADL (Instrumentals) playlist	
Yeat|ADL	SILK FACË	https://www.youtube.com/watch?v=7kT443HNXKY	Yeat - Silk Facë (Instrumental)	
Yeat|ADL	MY TIME	https://www.youtube.com/watch?v=WGDdWzl8FY0	Yeat - My Time (Instrumental)	https://www.youtube.com/watch?v=wtE0YNaJ9UI
Yeat|ADL	BACK HOME	https://www.youtube.com/watch?v=R4ZcLjYIWaU	Yeat - Back Home (Instrumental)	
Yeat|ADL	UP FROM HERE	https://www.youtube.com/watch?v=XzlUgii8oJw	Yeat - Up From Here (Instrumental)	https://www.youtube.com/watch?v=UfPvEShkiuE
Yeat|ADL	GRIDDLE	https://www.youtube.com/watch?v=UknpTEk4nzw	Yeat ft. Don Toliver - Griddlë (INSTRUMENTAL)	
Yeat|ADL	WHAT I WANT	https://www.youtube.com/playlist?list=PLLB0U3sXCDRicaF_LsxyPnFHRkxDWcg_-	(no single video found) Yeat - ADL (Instrumentals) playlist	
Yeat|ADL	2 PLANES	https://www.youtube.com/playlist?list=PLLB0U3sXCDRicaF_LsxyPnFHRkxDWcg_-	(no single video found) Yeat - ADL (Instrumentals) playlist	
Yeat|ADL	WENT WRONG	https://www.youtube.com/watch?v=MjImVBnD66c	Instrumental - Went Wrong - Yeat	
Yeat|ADL	TALLËR	https://www.youtube.com/playlist?list=PLLB0U3sXCDRicaF_LsxyPnFHRkxDWcg_-	(no single video found) Yeat - ADL (Instrumentals) playlist	
Yeat|COCOON	in2that			NOT FOUND
Yeat|COCOON	miss my dawg	https://www.youtube.com/watch?v=Cw1Pcu5HtIc	Yeat & Drake - MISS MY DAWG (INSTRUMENTAL)	
Yeat|COCOON	luh birk			NOT FOUND
Yeat|COCOON	holy watër			NOT FOUND
Yeat|COCOON	cocoon			NOT FOUND
Yeat|COCOON	tënnis			NOT FOUND
Playboi Carti|Playboi Carti	Location	https://www.youtube.com/watch?v=FJBqUYStf6g	Playboi Carti - Location INSTRUMENTAL	https://www.youtube.com/watch?v=ASEIW1si6jM
Playboi Carti|Playboi Carti	Magnolia	https://www.youtube.com/watch?v=0M67Jy5F6RM	Playboi Carti - Magnolia (Official Instrumental) prod. Pierre Bourne	https://www.youtube.com/watch?v=TpFrOuOLH-M
Playboi Carti|Playboi Carti	Lookin	https://www.youtube.com/watch?v=u7_ymt2QoEU	Playboi Carti - Lookin (feat. Lil Uzi Vert) (Instrumental)	https://www.youtube.com/watch?v=3umX7xlU8pw
Playboi Carti|Playboi Carti	wokeuplikethis*	https://www.youtube.com/watch?v=1Kp7wSA8WqQ	Playboi Carti - Wokeuplikethis INSTRUMENTAL Ft Lil Uzi Vert	https://www.youtube.com/watch?v=GKuctED52w0
Playboi Carti|Playboi Carti	Let It Go	https://www.youtube.com/watch?v=OdIVJ1E34P4	Playboi Carti: Let It Go (Instrumental)	https://www.youtube.com/watch?v=JOUHWlyHuQs
Playboi Carti|Playboi Carti	Half & Half	https://www.youtube.com/watch?v=v9wtsmyzriM	Playboi Carti - Half & Half【OFFICIAL INSTRUMENTAL】	https://www.youtube.com/watch?v=p1jwJt57ZFk
Playboi Carti|Playboi Carti	New Choppa	https://www.youtube.com/watch?v=-SwMq1SiHKc	Playboi Carti - New Choppa (feat. A$AP Rocky) (Instrumental)	https://www.youtube.com/watch?v=u-2MDHa7NZ4
Playboi Carti|Playboi Carti	Other Shit	https://www.youtube.com/watch?v=Np2sVoRyUME	playboi carti - other shit (official instrumental)	https://www.youtube.com/watch?v=gX6z7fq4j50
Playboi Carti|Playboi Carti	NoBs	https://www.youtube.com/playlist?list=PL786OPIoiQxGmTAybLDbI18SO5HOFmrj_	(no single video found) Playboi Carti Playboi Carti Instrumentals playlist	
Playboi Carti|Playboi Carti	Yah Mean	https://www.youtube.com/watch?v=JG1ZLI_h1Zk	Playboi Carti - Yah Mean OFFICIAL INSTRUMENTAL (Reprod. Reaper X)	https://www.youtube.com/watch?v=h51MWsZwPNo
Playboi Carti|Playboi Carti	Flex	https://www.youtube.com/watch?v=z91Y4OqJoRQ	Playboi Carti - Flex (Instrumental)	https://www.youtube.com/watch?v=b66dA-v3ziE
Playboi Carti|Playboi Carti	Kelly K	https://www.youtube.com/watch?v=_durKTZXHkI	playboi carti - kelly k (instrumental)	https://www.youtube.com/watch?v=NiUQEfWwiPQ
Playboi Carti|Playboi Carti	Had 2	https://www.youtube.com/watch?v=cg6OxzHe21g	Playboi Carti - Had 2 (Instrumental)	https://www.youtube.com/watch?v=L3dKQnf1mBs
Playboi Carti|Playboi Carti	Lame Niggaz	https://www.youtube.com/watch?v=VqWjUiU29q0	Playboi Carti - Lame N*ggaz (Instrumental)	https://www.youtube.com/watch?v=Q4qIGQHemF4
Playboi Carti|Die Lit	Long Time	https://www.youtube.com/watch?v=3YAFGmG7N7Q	Playboi Carti - Long Time Official Instrumental	https://www.youtube.com/watch?v=Z0jO7oWkwRc
Playboi Carti|Die Lit	R.I.P.	https://www.youtube.com/watch?v=Av0llF9RD9A	Playboi Carti - R.I.P. (Official Instrumental)	https://www.youtube.com/watch?v=cJ5Uurlb6PA
Playboi Carti|Die Lit	Lean 4 Real	https://www.youtube.com/watch?v=IJeHyzBc7Fg	Playboi Carti (Feat.Skepta) - Lean 4 Real Instrumental	https://www.youtube.com/watch?v=nmg-meb9jCc
Playboi Carti|Die Lit	Old Money	https://www.youtube.com/watch?v=z1iNShMmVyM	Playboi Carti - Old Money (Instrumental)	https://www.youtube.com/watch?v=FNFrSNh4zks
Playboi Carti|Die Lit	Love Hurts	https://www.youtube.com/watch?v=W20Fp2SvTI0	Playboi Carti - Love Hurts INSTRUMENTAL Ft Travis Scott	https://www.youtube.com/watch?v=osz3Bq25YsQ
Playboi Carti|Die Lit	Shoota	https://www.youtube.com/watch?v=97rmA0ZyfrQ	Playboi Carti - Shoota ft. Lil Uzi Vert [Instrumental]	https://www.youtube.com/watch?v=pnVt8nPv8eA
Playboi Carti|Die Lit	Right Now	https://www.youtube.com/watch?v=2vPDO5sZnXQ	Playboi Carti Right Now ft Pierre Bourne instrumental	https://www.youtube.com/watch?v=hDjSdTsiYd8
Playboi Carti|Die Lit	Poke It Out	https://www.youtube.com/watch?v=Sw50OkBEHUM	Playboi Carti - Poke it Out ft. Nicki Minaj OFFICICAL Instrumental (Reprod. Reaper X)	https://www.youtube.com/watch?v=w5oNdUa9dPI
Playboi Carti|Playboi Carti	Don't Tell Nobody	https://www.youtube.com/watch?v=sechF4oyI_4	Playboi Carti - Don't Tell Nobody [Instrumental Edit]	
Playboi Carti|Die Lit	Home (KOD)	https://www.youtube.com/watch?v=4WuHvkl3JPQ	Playboi Carti - Home (KOD) Official Instrumental	https://www.youtube.com/watch?v=cwTKbtpomLE
Playboi Carti|Die Lit	Fell in Luv	https://www.youtube.com/watch?v=GAefIoBCHNg	Playboi Carti - Fell In Luv (Feat. Bryson Tiller) (Instrumental) (Prod. Pi'erre Bourne)	https://www.youtube.com/watch?v=Cu_XMAcV_XU
Playboi Carti|Die Lit	Foreign	https://www.youtube.com/watch?v=ayHpmRYcPkM	Playboi Carti - Foreign 【OFFICIAL INSTRUMENTAL】	https://m.youtube.com/watch?v=kJXuQXGT3T0
Playboi Carti|Die Lit	Mileage	https://www.youtube.com/watch?v=ZvRtWhNnqQo	Playboi Carti - Mileage ft. Chief Keef OFFICIAL Instrumental (Reprod. Reaper X)	https://www.youtube.com/watch?v=tEC_zLKNxLw
Playboi Carti|Die Lit	FlatBed Freestyle	https://www.youtube.com/watch?v=ULtcBbHvIrM	Playboi Carti - Flatbed Freestyle INSTRUMENTAL | Die Lit	https://www.youtube.com/watch?v=0_YNdKW6Sic
Playboi Carti|Die Lit	No Time	https://www.youtube.com/watch?v=iOzRaW5lcBo	Playboi Carti - No Time INSTRUMENTAL Ft Gunna | Die Lit	https://www.youtube.com/watch?v=djMIj5-5rf0
Playboi Carti|Die Lit	Middle of the Summer	https://www.youtube.com/watch?v=Hx-qsUMvF4g	Playboi Carti - Middle Of The Summer OFFICIAL Instrumental (Reprod. Reaper X)	https://www.youtube.com/watch?v=xIGLLZDfQuo
Playboi Carti|Die Lit	Pull Up	https://www.youtube.com/watch?v=LD_n9ZhWn0Q	Playboi Carti - Pull Up INSTRUMENTAL | Die Lit	https://www.youtube.com/watch?v=ZTnr7zo4wXY
Playboi Carti|Die Lit	Choppa Won't Miss	https://www.youtube.com/watch?v=Zgug_QyJ0v4	Playboi Carti - Choppa Won't Miss ft. Young Thug Instrumental	https://www.youtube.com/watch?v=bqUcLelpLyY
Playboi Carti|Die Lit	R.I.P. Fredo	https://www.youtube.com/watch?v=wIznT5tLxOo	Playboi Carti - R.I.P. Fredo INSTRUMENTAL Ft Yung Nudy	https://www.youtube.com/watch?v=STpDbeCjOQ0
Playboi Carti|Die Lit	Top	https://www.youtube.com/watch?v=LTYGnsyDUtY	Playboi Carti - Top INSTRUMENTAL Ft Pierre Bourne | Die Lit	https://www.youtube.com/watch?v=3G5XpSUThMg
Playboi Carti|Whole Lotta Red	Rockstar Made	https://www.youtube.com/watch?v=t6ck_JSbbjQ	Playboi Carti - Rockstar Made (INSTRUMENTAL)	https://www.youtube.com/watch?v=SAXHrGxdLJc
Playboi Carti|Whole Lotta Red	Go2DaMoon	https://www.youtube.com/watch?v=fIoyrcNxTK8	Playboi Carti - Go2DaMoon feat. Kanye West (Official Instrumental)	https://www.youtube.com/watch?v=nNV5Zs3wefw
Playboi Carti|Whole Lotta Red	Stop Breathing	https://www.youtube.com/watch?v=xgGP7WgfnEw	Stop Breathing (Instrumental) - Playboi Carti (prod. F1LTHY, Lukrative & ssort)	https://www.youtube.com/watch?v=-WGGwiiurCo
Playboi Carti|Whole Lotta Red	Beno!	https://www.youtube.com/watch?v=Z0bH1hCcDg4	Playboi Carti - Beno! INSTRUMENTAL | Whole Lotta Red	https://www.youtube.com/watch?v=_nYefzcsEis
Playboi Carti|Whole Lotta Red	JumpOutTheHouse	https://www.youtube.com/watch?v=AVmr1D2GtqE	Playboi Carti - JumpOutTheHouse (Official Instrumental)	https://www.youtube.com/watch?v=pqlaXsh9CS8
Playboi Carti|Whole Lotta Red	M3tamorphosis	https://m.youtube.com/watch?v=8el_N8Vc2k8	Playboi Carti - M3tamorphosis ft. Kid Cudi OFFICIAL Instrumental	https://www.youtube.com/watch?v=9LZQgSghdOo
Playboi Carti|Whole Lotta Red	Slay3r	https://www.youtube.com/watch?v=nomGP9pHT6U	Playboi Carti - Slay3r (Official Instrumental) [FREE]	https://www.youtube.com/watch?v=R3XdcGFCuw0
Playboi Carti|Whole Lotta Red	No Sl33p	https://www.youtube.com/watch?v=TywBFLOgEYY	Playboi Carti - NoSl33p INSTRUMENTAL | Whole Lotta Red	https://www.youtube.com/watch?v=qd_9XCJln64
Playboi Carti|Whole Lotta Red	New Tank	https://www.youtube.com/watch?v=pKzDVBZWuek	Playboi Carti - New Tank (Official Instrumental)	https://www.youtube.com/watch?v=NCCWw3aH_7Q
Playboi Carti|Whole Lotta Red	Teen X	https://www.youtube.com/watch?v=ADHyFNTwZDg	Playboi Carti ft. Future - TeenX [Official Instrumental]	https://www.youtube.com/watch?v=ubzxrp5K6QM
Playboi Carti|Whole Lotta Red	Meh	https://www.youtube.com/watch?v=SKHQJKy6gw0	Playboi Carti - Meh INSTRUMENTAL | Whole Lotta Red	
Playboi Carti|Whole Lotta Red	Vamp Anthem	https://www.youtube.com/watch?v=4Gjl7NaMg5M	Playboi Carti - Vamp Anthem (OFFICIAL INSTRUMENTAL)	https://www.youtube.com/watch?v=6S4C7507QR0
Playboi Carti|Whole Lotta Red	New N3on	https://www.youtube.com/watch?v=jiZJ6MrD8Hw	Playboi Carti - New N3on (Official Instrumental) [prod. Maaly Raw]	https://www.youtube.com/watch?v=y74rPfyUdME
Playboi Carti|Whole Lotta Red	Control	https://www.youtube.com/watch?v=E9SvxownCqA	Playboi Carti - Control INSTRUMENTAL | Whole Lotta Red	
Playboi Carti|Whole Lotta Red	Punk Monk	https://www.youtube.com/watch?v=SFt4oSdN2cs	Playboi Carti - Punk Monk (OFFICIAL INSTRUMENTAL)	https://www.youtube.com/watch?v=T8b-CvXgM2c
Playboi Carti|Whole Lotta Red	On That Time	https://www.youtube.com/watch?v=DpWOApzAxs8	Playboi Carti - On That Time INSTRUMENTAL | Whole Lotta Red	https://www.youtube.com/watch?v=_A_UJW9cx9s
Playboi Carti|Whole Lotta Red	King Vamp	https://www.youtube.com/watch?v=tpK6sZDsGoo	Playboi Carti - King Vamp (Instrumental)	https://www.youtube.com/watch?v=5qOgo6kB4ug
Playboi Carti|Whole Lotta Red	Place	https://www.youtube.com/watch?v=l8Q0O1UfVPM	Playboi Carti - Place INSTRUMENTAL | Whole Lotta Red	
Playboi Carti|Whole Lotta Red	Sky	https://www.youtube.com/watch?v=C_ucYVHvVsQ	Playboy Carti - Sky (Instrumental)	https://www.youtube.com/watch?v=KFrdLP_4_Mo
Playboi Carti|Whole Lotta Red	Over	https://www.youtube.com/watch?v=Gi6Xu2hvtrM	Playboi Carti - Over INSTRUMENTAL | Whole Lotta Red	https://www.youtube.com/watch?v=90z1AyganZQ
Playboi Carti|Whole Lotta Red	ILoveUIHateU	https://www.youtube.com/watch?v=Wr0DB2OoWJ0	Playboi Carti - ILoveUIHateU INSTRUMENTAL | Whole Lotta Red	
Playboi Carti|Whole Lotta Red	Die4Guy	https://www.youtube.com/watch?v=BAQayG4uWbc	Playboi Carti - Die4Guy (OFFICIAL INSTRUMENTAL)	https://www.youtube.com/watch?v=dC96kwzpWK8
Playboi Carti|Whole Lotta Red	Not PLaying	https://www.youtube.com/watch?v=rPD70iGrO6c	Playboi Carti - Not PLaying (Official Instrumental)	https://www.youtube.com/watch?v=8OdDu782dig
Playboi Carti|Whole Lotta Red	F33l Lik3 Dyin	https://www.youtube.com/watch?v=77U2DjqlgQk	Playboi Carti - F33l Lik3 Dyin (Instrumental)	https://www.youtube.com/watch?v=6J6Qvg3bhxQ
Playboi Carti|MUSIC	POP OUT	https://www.youtube.com/watch?v=qrT2In7CyS4	Playboi Carti - POP OUT (Official Instrumental)	https://www.youtube.com/watch?v=cZJY7F-0-Z0
Playboi Carti|MUSIC	CRUSH	https://www.youtube.com/watch?v=Z7DNKniGhQY	Playboi Carti - CRUSH (feat. Travis Scott) | Instrumental (Beat Only)	https://www.youtube.com/watch?v=1HxLP3edRUU
Playboi Carti|MUSIC	K POP	https://www.youtube.com/watch?v=0T2g5Yrk0DI	PLAYBOI CARTI - K POP (OFFICIAL INSTRUMENTAL)	https://www.youtube.com/watch?v=sjgSrvg3tng
Playboi Carti|MUSIC	EVIL J0RDAN	https://www.youtube.com/watch?v=iS4GzDibglM	Playboi Carti - EVIL JORDAN (OFFICIAL INSTRUMENTAL)	https://www.youtube.com/watch?v=ipTJ1wCzWtg
Playboi Carti|MUSIC	MOJO JOJO	https://www.youtube.com/watch?v=wt-TX6_FNFk	Mojo Jojo (Instrumental) - Playboi Carti (prod. Cardo Got Wings & Johnny Juliano)	https://www.youtube.com/watch?v=qh4-Ie6YO2w
Playboi Carti|MUSIC	PHILLY	https://www.youtube.com/watch?v=3LuXJ9K5Bzo	Playboi Carti - PHILLY (ft. Travis Scott) (Instrumental)	https://www.youtube.com/watch?v=TEn9eWamH3M
Playboi Carti|MUSIC	RADAR	https://www.youtube.com/watch?v=lkSP4ohQCv0	PLAYBOI CARTI - RADAR (OFFICIAL INSTRUMENTAL)	https://www.youtube.com/watch?v=QJimlnP6x8o
Playboi Carti|MUSIC	RATHER LIE	https://www.youtube.com/watch?v=-D1f_y2rpaA	PLAYBOI CARTI - RATHER LIE (FT. THE WEEKND) (OFFICIAL INSTRUMENTAL)	https://www.youtube.com/watch?v=1nHm-YoOeNQ
Playboi Carti|MUSIC	FINE SHIT	https://www.youtube.com/watch?v=Xq3WJ7Sk0ug	PLAYBOI CARTI - FINE SHIT (OFFICIAL INSTRUMENTAL)	https://www.youtube.com/watch?v=1NboEopjer4
Playboi Carti|MUSIC	BACKD00R	https://www.youtube.com/watch?v=LIkFifTjc2Q	Playboi Carti - BACKD00R ft. Kendrick Lamar & Jhené Aiko | INSTRUMENTAL	https://www.youtube.com/watch?v=UFX3uqpXY44
Playboi Carti|MUSIC	TOXIC	https://www.youtube.com/watch?v=_tyCWTc27FQ	PLAYBOI CARTI - TOXIC (FT. SKEPTA) (OFFICIAL INSTRUMENTAL)	https://www.youtube.com/watch?v=Xc-4l9Hh-So
Playboi Carti|MUSIC	MUNYUN	https://www.youtube.com/watch?v=aLKtYQk6L0s	Munyun (Instrumental) - Playboi Carti (prod. Keanu Beats, Ojivolta, DJH & 99Hurts)	https://www.youtube.com/watch?v=XAHgoEJrGRc
Playboi Carti|MUSIC	CRANK	https://www.youtube.com/watch?v=5V20A4rk_Wk	PLAYBOI CARTI - CRANK (OFFICIAL INSTRUMENTAL)	https://www.youtube.com/watch?v=Uq468ylj-DY
Playboi Carti|MUSIC	CHARGE DEM HOES A FEE	https://www.youtube.com/watch?v=pq9v7AdT14o	Playboi Carti - CHARGE DEM HOES A FEE (Official Instrumental) ft Future & Travis Scott	https://www.youtube.com/watch?v=AD4KlSI8F5A
Playboi Carti|MUSIC	GOOD CREDIT	https://www.youtube.com/watch?v=PbYTJMpC6-s	PLAYBOI CARTI - GOOD CREDIT (FT. KENDRICK LAMAR) (OFFICIAL INSTRUMENTAL)	https://www.youtube.com/watch?v=S899BJgfck8
Playboi Carti|MUSIC	I SEEEEEE YOU BABY BOI	https://www.youtube.com/watch?v=RnUqwWHuTyI	Playboi Carti - I SEEEEEE YOU BABY BOI【OFFICIAL INSTRUMENTAL】	https://www.youtube.com/watch?v=RUw0gxLuO_Y
Playboi Carti|MUSIC	WAKE UP F1LTHY	https://www.youtube.com/watch?v=lws34MJ0kg0	Playboi Carti, Travis Scott - WAKE UP F1LTHY (official instrumental)	https://www.youtube.com/watch?v=yhF6X3rcY3M
Playboi Carti|MUSIC	JUMPIN	https://www.youtube.com/watch?v=ornzBCnVRKQ	Playboi Carti, Lil Uzi Vert - Jumpin (Official Instrumental)	https://www.youtube.com/watch?v=7bIrN150_Co
Playboi Carti|MUSIC	TRIM	https://www.youtube.com/watch?v=-VieETTmyko	PLAYBOI CARTI - TRIM (FT. FUTURE) (OFFICIAL INSTRUMENTAL)	https://www.youtube.com/watch?v=Nmmfs7wWDaY
Playboi Carti|MUSIC	COCAINE NOSE	https://www.youtube.com/watch?v=xhVVyP0r3BM	Playboi Carti - COCAINE NOSE (official instrumental)	https://www.youtube.com/watch?v=WM6cXAFs9KI
Playboi Carti|MUSIC	WE NEED ALL DA VIBES	https://www.youtube.com/watch?v=cn3Be3fT4JM	Playboi Carti - We Need All Da Vibes (INSTRUMENTAL) Ft. Young Thug & Ty Dolla $ign	
Playboi Carti|MUSIC	OLYMPIAN	https://www.youtube.com/watch?v=4XF0jzW4YAI	Playboi Carti - OLYMPIAN (Official Instrumental)	https://www.youtube.com/watch?v=xbFET5AyKSc
Playboi Carti|MUSIC	OPM BABI	https://www.youtube.com/watch?v=33bhDaycWCc	PLAYBOI CARTI - OPM BABI (OFFICIAL INSTRUMENTAL)	https://www.youtube.com/watch?v=AcKvMKh7wXk
Playboi Carti|MUSIC	TWIN TRIM	https://www.youtube.com/watch?v=qN1egPOuR9M	PLAYBOI CARTI - TWIN TRIM (FT. LIL UZI VERT) (OFFICIAL INSTRUMENTAL)	https://www.youtube.com/watch?v=wZu6ByZqua4
Playboi Carti|MUSIC	LIKE WEEZY	https://www.youtube.com/watch?v=bWC-T3wMaRs	Playboi Carti - LIKE WEEZY (official instrumental)	https://m.youtube.com/watch?v=ub57Y3TIGt8
Playboi Carti|MUSIC	DIS 1 GOT IT	https://www.youtube.com/watch?v=As_zSlKYYWY	PLAYBOI CARTI - DIS 1 GOT IT (OFFICIAL INSTRUMENTAL)	https://www.youtube.com/watch?v=heJPMhpEmNM
Playboi Carti|MUSIC	WALK	https://www.youtube.com/watch?v=_Uzck4Krt6s	Playboi Carti - WALK (Official Instrumental)	https://www.youtube.com/watch?v=FIqOyQbu33s
Playboi Carti|MUSIC	HBA	https://www.youtube.com/watch?v=5HIT7QfFqEM	PLAYBOI CARTI - HBA (OFFICIAL INSTRUMENTAL)	https://www.youtube.com/watch?v=8Ljsln-7lmA
Playboi Carti|MUSIC	KETAMINE	https://www.youtube.com/watch?v=CcraOSVoTN0	Playboi Carti - KETAMINE (Instrumental)	https://www.youtube.com/watch?v=dkQrjeJaSuU
Playboi Carti|MUSIC	BACKR00MS	https://www.youtube.com/watch?v=ffRGbXhzIXY	Playboi Carti - BACKR00MS ft. Travis Scott (Official Instrumental)	https://www.youtube.com/watch?v=idw4op--Spg
Lil Uzi Vert|Eternal Atake	Baby Pluto	https://www.youtube.com/watch?v=wQ5qeYg9uQc	Lil Uzi Vert - Baby Pluto (OFFICIAL INSTRUMENTAL)	https://www.youtube.com/watch?v=brCiIZOp3mU
Lil Uzi Vert|Eternal Atake	Lo Mein	https://www.youtube.com/watch?v=WO-3y-jKEr8	Lil Uzi Vert - Lo Mein (Official Instrumental) | Eternal Atake	https://www.youtube.com/watch?v=Di90rfnDtlM
Lil Uzi Vert|Eternal Atake	Silly Watch	https://www.youtube.com/watch?v=xLq-_ynJ0hY	Lil Uzi Vert - Silly Watch Official Instrumental	https://www.youtube.com/watch?v=9Ag01d0QFO4
Lil Uzi Vert|Eternal Atake	You Better Move	https://www.youtube.com/watch?v=8NQGYKeGHw0	Lil Uzi Vert - You Better Move (Official Instrumental)	https://www.youtube.com/watch?v=Nl5vHeyeWuE
Lil Uzi Vert|Eternal Atake	Homecoming	https://www.youtube.com/watch?v=-U5wE-E_y3Q	Lil Uzi Vert - Homecoming [OFFICIAL INSTRUMENTAL]	https://www.youtube.com/watch?v=7sWDDLTPJhM
Lil Uzi Vert|Eternal Atake	I'm Sorry	https://www.youtube.com/watch?v=skF-ZRiOSdw	LIL UZI VERT - I'm Sorry (INSTRUMENTAL)	
Lil Uzi Vert|Eternal Atake	POP	https://www.youtube.com/watch?v=S9SSzRHBkUs	Lil Uzi Vert - "POP" Official Instrumental Remake	
Lil Uzi Vert|Eternal Atake	Celebration Station	https://www.youtube.com/watch?v=LT3QA9r4X0Q	Lil Uzi Vert - Celebration Station (Official Instrumental) (Prod By Brandon Finessin & Outtatown)	https://www.youtube.com/watch?v=iue_TLDdoG0
Lil Uzi Vert|Eternal Atake	Bigger Than Life	https://www.youtube.com/watch?v=emF3d-Ln1I4	Lil UZI VERT - Bigger Than Life (Official Instrumental) [Best on Youtube]	https://www.youtube.com/watch?v=HiMh79y2bj8
Lil Uzi Vert|Eternal Atake	Chrome Heart Tags	https://www.youtube.com/watch?v=qP1dBGx3n9s	Lil Uzi Vert - Chrome Heart Tags (Instrumental)	https://www.youtube.com/watch?v=XiRGG4eb9YE
Lil Uzi Vert|Eternal Atake	Bust Me	https://www.youtube.com/watch?v=rIAAWmE_bzQ	Lil Uzi Vert - Bust Me (Instrumental) [Prod. Bugz Ronin]	https://www.youtube.com/watch?v=d9HRNCJ8zAg
Lil Uzi Vert|Eternal Atake	Prices	https://www.youtube.com/watch?v=UNqmtUq20TY	Lil Uzi Vert - Prices (Official Instrumental)	https://www.youtube.com/watch?v=BHCTTif2Qvs
Lil Uzi Vert|Eternal Atake	Venetia	https://www.youtube.com/watch?v=xcq3BGtGh1A	Lil Uzi Vert - Venetia (Instrumental)	https://www.youtube.com/watch?v=I6cVpHwnGw0
Lil Uzi Vert|Eternal Atake	Urgency	https://www.youtube.com/playlist?list=PLFycslGCQssh0UdMkFz3TXKXAb8WNJ8Sq	(no single video found) Lil Uzi Vert - Eternal Atake Instrumentals playlist	
Lil Uzi Vert|Eternal Atake	Secure the Bag	https://www.youtube.com/watch?v=Tz-ehTfO-Eg	Lil Uzi Vert - Secure The Bag [INSTRUMENTAL] | ReProd. by IZM	
Lil Uzi Vert|Eternal Atake	P2	https://www.youtube.com/watch?v=LE0kUOTtNNg	Lil Uzi Vert - P2 Official Instrumental	https://www.youtube.com/watch?v=eNYWniwKbTA
Lil Uzi Vert|Eternal Atake	Futsal Shuffle 2020	https://www.youtube.com/watch?v=9BnHtGLXoXg	Lil Uzi Vert - Futsal Shuffle 2020 [Official Instrumental]	https://www.youtube.com/watch?v=bLbZTtRGEm4
Lil Uzi Vert|Eternal Atake	That Way	https://www.youtube.com/watch?v=Chvo3OC5PCk	Lil Uzi Vert - That Way (Instrumental)	https://www.youtube.com/watch?v=tKmN-H7jH2o
Lil Uzi Vert|Luv Is Rage 2	Two®	https://www.youtube.com/watch?v=GhK4HfmM5-o	Lil Uzi Vert -Two Instrumental (Reprod. By Osva J)	
Lil Uzi Vert|Luv Is Rage 2	For Real	https://www.youtube.com/watch?v=uVuMSjgi740	Luv Is Rage 2 - For Real Instrumental - Lil Uzi Vert - reprod. J.Medina	
Lil Uzi Vert|Luv Is Rage 2	Sauce It Up	https://www.youtube.com/watch?v=v1Yu0Apqmgw	Lil Uzi Vert - Sauce It Up (Official Instrumental)	https://www.youtube.com/watch?v=yBS_YeJHeSc
Lil Uzi Vert|Luv Is Rage 2	No Sleep Leak			NOT FOUND
Lil Uzi Vert|Luv Is Rage 2	X			NOT FOUND
Lil Uzi Vert|Luv Is Rage 2	XO Tour Llif3	https://www.youtube.com/watch?v=VQccMIS_tfc	Lil Uzi Vert - XO Tour Lif3 (Official Instrumental)	https://www.youtube.com/watch?v=yy6NaShtfTc
Lil Uzi Vert|Luv Is Rage 2	Neon Guts	https://www.youtube.com/watch?v=sR_7ArYVSEc	Lil Uzi Vert - Neon Guts (feat. Pharrell Williams) (Instrumental)	https://www.youtube.com/watch?v=YoWSZHFH-BU
Lil Uzi Vert|Luv Is Rage 2	Pretty Mami	https://www.youtube.com/watch?v=vA2TUa7Uki8	LIL UZI VERT - Pretty Mami (INSTRUMENTAL) LOVE IS RAGE 2	https://www.youtube.com/watch?v=3UYH4n8dhhY
Lil Uzi Vert|Luv Is Rage 2	Early 20 Rager	https://www.youtube.com/watch?v=mfGvT3EUf_I	lil uzi vert - early 20 rager ( instrumental)	https://www.youtube.com/watch?v=QBqUzQdybqs
Lil Uzi Vert|Luv Is Rage 2	UnFazed	https://www.youtube.com/watch?v=jiyRaAKETa0	Lil Uzi Vert – Unfazed Ft The Weeknd (Instrumental)	https://www.youtube.com/watch?v=PykOW-j5Sgo
Lil Uzi Vert|Luv Is Rage 2	Feelings Mutual	https://www.youtube.com/watch?v=R4jGAe-v3Js	Lil Uzi Vert - Feelings Mutual (Instrumental)	https://www.youtube.com/watch?v=NlZRZtMdpSI
Lil Uzi Vert|Luv Is Rage 2	444+222	https://www.youtube.com/watch?v=dstaoXzyjac	Lil Uzi Vert - 444+222 [Official Instrumental]	https://www.youtube.com/watch?v=nBoIzatIDr4
Lil Uzi Vert|Luv Is Rage 2	The Way Life Goes	https://www.youtube.com/watch?v=gJScPeAO0D4	Lil Uzi Vert - The Way Life Goes [Instrumental]	https://www.youtube.com/watch?v=oZiubEwNMJc
Lil Uzi Vert|Luv Is Rage 2	Dark Queen	https://www.youtube.com/watch?v=I8UHtLyTwCA	Lil Uzi Vert - Dark Queen (Instrumental) Luv Is Rage 2	https://www.youtube.com/watch?v=-rJfWLfV0rA
Lil Uzi Vert|Luv Is Rage 2	How to Talk	https://www.youtube.com/watch?v=A6WVnAnVqao	Lil Uzi Vert - How To Talk Instrumental (Prod. KG YAN$)	
Lil Uzi Vert|Luv Is Rage 2	Malfunction	https://www.youtube.com/watch?v=ZWL39FV2LRY	Lil Uzi Vert - Malfunction (Instrumental)	
Lil Uzi Vert|Pink Tape	Flooded the Face	https://www.youtube.com/watch?v=arYwPueFm8k	Lil Uzi Vert - Flooded The Face (Instrumental)	
Lil Uzi Vert|Pink Tape	Suicide Doors	https://www.youtube.com/watch?v=GJNkNXnfjbg	Lil Uzi Vert - Suicide Doors (INSTRUMENTAL)	https://www.youtube.com/watch?v=JN9amItIEso
Lil Uzi Vert|Pink Tape	Aye	https://www.youtube.com/watch?v=6jQmqthJ6fg	Lil Uzi Vert - Aye (Feat. Travis Scott) (Instrumental)	https://www.youtube.com/watch?v=Vnpn9BlZatU
Lil Uzi Vert|Pink Tape	Crush Em	https://www.youtube.com/playlist?list=PL7OgvvtiQH7TJN_rE3ebJ76oIvqc_m8lZ	(no single video found) LIL UZI VERT PINK TAPE FULL ALBUM INSTRUMENTALS playlist	
Lil Uzi Vert|Pink Tape	Amped	https://www.youtube.com/watch?v=qvbKIarRJGQ	Lil Uzi Vert - Amped (Instrumental)	
Lil Uzi Vert|Pink Tape	x2	https://www.youtube.com/watch?v=_5PGT0JaVhU	Lil Uzi Vert - x2 (INSTRUMENTAL)	
Lil Uzi Vert|Pink Tape	Died and Came Back	https://www.youtube.com/watch?v=OQkTfb2dtvU	Lil Uzi Vert - Died and Came Back (Instrumental)	
Lil Uzi Vert|Pink Tape	Spin Again	https://www.youtube.com/watch?v=r75trsqkKCw	Lil Uzi Vert - Spin Again (Instrumental)	https://www.youtube.com/watch?v=zuTl-G5b1Wk
Lil Uzi Vert|Pink Tape	That Fiya	https://www.youtube.com/watch?v=kFDnXj3ghw8	Lil Uzi Vert - That Fiya (Instrumental)	
Lil Uzi Vert|Pink Tape	I Gotta	https://www.youtube.com/watch?v=fClKtCDh5Kg	Lil Uzi Vert - I Gotta (Instrumental)	
Lil Uzi Vert|Pink Tape	Endless Fashion	https://www.youtube.com/watch?v=d_7a29j-J4Y	Lil Uzi Vert - Endless Fashion ft. Nicki Minaj (Instrumental)	https://www.youtube.com/watch?v=UMOZFsM7qxc
Lil Uzi Vert|Pink Tape	Mama, I'm Sorry	https://www.youtube.com/watch?v=ku8dIU76NAo	Lil Uzi Vert - Mama, I’m Sorry (Instrumental)	https://www.youtube.com/watch?v=TALuz0kuNq4
Lil Uzi Vert|Pink Tape	All Alone	https://www.youtube.com/watch?v=FJu0HNzqxos	[[PINK TAPE]] Lil Uzi Vert - All Alone INSTRUMENTAL (reprod miarchy)	
Lil Uzi Vert|Pink Tape	Nakamura	https://www.youtube.com/watch?v=UluuhXL0Nx8	Lil Uzi Vert - Nakamura (Instrumental)	
Lil Uzi Vert|Pink Tape	Just Wanna Rock	https://www.youtube.com/watch?v=qf_c33bY_DY	Lil Uzi Vert - Just Wanna Rock [Official Instrumental]	https://www.youtube.com/watch?v=mJdYKefDwL4
Lil Uzi Vert|Pink Tape	Fire Alarm	https://www.youtube.com/watch?v=SHzcSZ-mA0w	Lil Uzi Vert - Fire Alarm【OFFICIAL INSTRUMENTAL】	https://www.youtube.com/watch?v=XtfgkEsIklk
Lil Uzi Vert|Pink Tape	CS	https://www.youtube.com/playlist?list=PL7OgvvtiQH7TJN_rE3ebJ76oIvqc_m8lZ	(no single video found) LIL UZI VERT PINK TAPE FULL ALBUM INSTRUMENTALS playlist	
Lil Uzi Vert|Pink Tape	Werewolf	https://www.youtube.com/watch?v=NHfcBFhHcck	Lil Uzi Vert - Werewolf ft. Bring Me The Horizon (Instrumental)	https://www.youtube.com/watch?v=zYbJLiHnfxE
Lil Uzi Vert|Pink Tape	Pluto to Mars	https://www.youtube.com/watch?v=Zy68SiIsr0w	Lil Uzi Vert - Pluto to Mars (Instrumental)	https://www.youtube.com/watch?v=bwKwmVkCkCc
Lil Uzi Vert|Pink Tape	Confession	https://www.youtube.com/playlist?list=PL7OgvvtiQH7TJN_rE3ebJ76oIvqc_m8lZ	(no single video found) LIL UZI VERT PINK TAPE FULL ALBUM INSTRUMENTALS playlist	
Lil Uzi Vert|Pink Tape	Days Come and Go	https://www.youtube.com/watch?v=ChZYul8WUu4	Lil Uzi Vert - Days Come and Go (Instrumental)	https://www.youtube.com/watch?v=wlz-hK5qf5s
Lil Uzi Vert|Pink Tape	Rehab	https://www.youtube.com/watch?v=EgSfRmsZvag	Lil Uzi Vert - Rehab Instrumental	https://m.youtube.com/watch?v=mLeJwDdOxzE
Lil Uzi Vert|Pink Tape	The End	https://www.youtube.com/watch?v=9lvu_nHOr9s	Lil Uzi Vert - The End (ft. BABYMETAL) [Instrumental]	https://www.youtube.com/watch?v=JfnShXOPqis
Lil Uzi Vert|Pink Tape	Zoom	https://www.youtube.com/watch?v=UICiUTk7_kQ	Lil Uzi Vert - Zoom (Bonus Track) Instrumental	
Lil Uzi Vert|Pink Tape	Of Course	https://www.youtube.com/watch?v=YB7Ydnmydgk	Lil Uzi Vert - Of Course (Instrumental) Prod Forza x OogieMane	https://www.youtube.com/watch?v=rZ0gWe2WM5U
Lil Uzi Vert|Pink Tape	Shardai	https://www.youtube.com/watch?v=Cof0MPcFt9U	Lil Uzi Vert - Shardai (Bonus Track) (Instrumental)	https://www.youtube.com/watch?v=NG2gqC-FwRI
Lil Uzi Vert|Eternal Atake 2	We Good			NOT FOUND
Lil Uzi Vert|Eternal Atake 2	Light Year (Practice)	https://www.youtube.com/watch?v=U6r3h57-7m0	Lil Uzi Vert - Light Year (Practice) [Official Instrumental]	https://www.youtube.com/watch?v=yxD1CyRlL18
Lil Uzi Vert|Eternal Atake 2	Meteor Man			NOT FOUND
Lil Uzi Vert|Eternal Atake 2	Paars in the Mars	https://www.youtube.com/watch?v=P7Zg-fhiZPE	Paars In The Mars (Instrumental) - Lil Uzi Vert	
Lil Uzi Vert|Eternal Atake 2	The Rush			NOT FOUND
Lil Uzi Vert|Eternal Atake 2	Not an Option	https://www.youtube.com/watch?v=x_qfapAv94k	Lil Uzi Vert - Not An Option (Instrumental)	
Lil Uzi Vert|Eternal Atake 2	She Stank	https://www.youtube.com/watch?v=JAeZ1HB87QU	Lil Uzi Vert - She Stank (INSTRUMENTAL) Best On YouTube	
Lil Uzi Vert|Eternal Atake 2	Mr Chow	https://www.youtube.com/watch?v=GiYxlQT1vkc	Lil Uzi Vert - Mr Chow [Official Instrumental]	https://www.youtube.com/watch?v=1Sr1qjgrZgw
Lil Uzi Vert|Eternal Atake 2	Lyft Em Up	https://www.youtube.com/watch?v=OFIfi-sp1xU	Lil Uzi Vert - Lyft Em Up (Official Instrumental) [Eternal Atake 2]	https://www.youtube.com/watch?v=A9790Fz_A4I
Lil Uzi Vert|Eternal Atake 2	Chips and Dip	https://www.youtube.com/watch?v=B-41wKNsBSI	Lil Uzi Vert - Chips and Dip (Instrumental)	https://www.youtube.com/watch?v=kwjLevfcZ-Q
Lil Uzi Vert|Eternal Atake 2	Black Hole			NOT FOUND
Lil Uzi Vert|Eternal Atake 2	Chill Bae	https://www.youtube.com/watch?v=OzembJwrlok	Lil Uzi Vert - Chill Bae (Instrumental)	https://www.youtube.com/watch?v=ue2w4PkSISs
Lil Uzi Vert|Eternal Atake 2	Goddard Song	https://www.youtube.com/watch?v=HZSIPx0RsPA	Lil Uzi Vert - Goddard Song (Official Instrumental) [Eternal Atake 2]	https://www.youtube.com/watch?v=iQum1pHsN-Q
Lil Uzi Vert|Eternal Atake 2	PerkySex	https://www.youtube.com/watch?v=7UuzOR-Yw1U	Lil Uzi Vert - PerkySex [Official Instrumental]	https://www.youtube.com/watch?v=r9JvK_f3_RU
Lil Uzi Vert|Eternal Atake 2	Conceited			NOT FOUND
Lil Uzi Vert|Eternal Atake 2	Space High	https://www.youtube.com/watch?v=bX0booLwWaw	Lil Uzi Vert - Space High [ Instrumental ] *BEST*	
EsDeeKid|Rebel	4 Raws	https://www.youtube.com/watch?v=spN8EfutL24	EsDeeKid - 4 Raws (Instrumental)	https://www.youtube.com/watch?v=PKP1Bp0IAjg
EsDeeKid|Rebel	Cali Man	https://www.youtube.com/watch?v=CZanl-nrjr0	EsDeeKid - Cali Man (instrumental) Prod. Wraith9	https://www.youtube.com/watch?v=AbqXpF2A870
EsDeeKid|Rebel	Prague	https://www.youtube.com/watch?v=Zj2C7Dkt3ps	EsDeeKid - Prague (Instrumental)	https://www.youtube.com/watch?v=WaSmWULpLiI
EsDeeKid|Rebel	Dirty	https://www.youtube.com/watch?v=kvQau5T-eRE	EsDeeKid - Dirty (instrumental) Prod. Wraith9	https://www.youtube.com/watch?v=cFItLL6EgoM
EsDeeKid|Rebel	LV Sandals	https://www.youtube.com/watch?v=Z4izYJdR4-I	EsDeeKid, Fakemink & Rico Ace - LV Sandals (instrumental)	https://www.youtube.com/watch?v=PUos5m9zvLM
EsDeeKid|Rebel	Panic	https://www.youtube.com/watch?v=fiv90mnb1hM	EsDeeKid - Panic (instrumental) Prod. Wraith9	https://www.youtube.com/watch?v=bFyHo71VAEY
EsDeeKid|Rebel	5am	https://www.youtube.com/watch?v=pKOWQssx2P8	EsDeeKid & Fimiguerrero - 5am (instrumental) Prod. Wraith9	https://www.youtube.com/watch?v=reEbTA4oPyU
EsDeeKid|Rebel	Phantom	https://www.youtube.com/watch?v=1gSVuidT6XY	EsDeeKid & Rico Ace - Phantom (instrumental) Prod. Wraith9	https://www.youtube.com/watch?v=5HuPdgx4_iQ
EsDeeKid|Rebel	Mist	https://www.youtube.com/watch?v=6isTA2GtJBc	EsDeeKid - Mist (instrumental) Prod. Wraith9	https://www.youtube.com/watch?v=rf5E8yyqeVA
EsDeeKid|Rebel	Rottweiler	https://www.youtube.com/watch?v=jMYBQhuOMnI	EsDeeKid - Rottweiler (instrumental) Prod. Wraith9	https://www.youtube.com/watch?v=6w11zk1niwc
EsDeeKid|Rebel	Tartan	https://www.youtube.com/watch?v=bfnOcS7Soo8	EsDeeKid, Fimiguerrero - Tartan (Instrumental)	https://www.youtube.com/watch?v=ZTT8kOP6jB0
Ken Carson|Project X	Who's Next	https://www.youtube.com/watch?v=SFzulZEkdyE	Ken Carson - Who's Next (INSTRUMENTAL)	https://www.youtube.com/watch?v=9xrNiVMZup0
Ken Carson|Project X	Rock N Roll	https://www.youtube.com/watch?v=YEeLJpYfJqo	Ken Carson - Rock N Roll【OFFICIAL INSTRUMENTAL】	https://www.youtube.com/watch?v=g0ss_6qRf-c
Ken Carson|Project X	Party All Day	https://www.youtube.com/watch?v=U1pOFd4-fIM	Ken Carson - Party All Day Instrumental {NO LOOPS}	https://www.youtube.com/watch?v=r8z4OuIASoY
Ken Carson|Project X	Change	https://www.youtube.com/watch?v=nEY651kns7k	Ken Car$on - Change (Instrumental) [Project X]	https://www.youtube.com/watch?v=PVE72baDJ-I
Ken Carson|Project X	Run + Ran	https://www.youtube.com/watch?v=HB8yCvN4mGg	Ken Carson - Run + Ran Instrumental Remake (ReProd. Giuxep)	https://www.youtube.com/watch?v=qrJHSVtPjPo
Ken Carson|Project X	Shake	https://www.youtube.com/watch?v=rdvLmwBKUNU	Ken Carson - Shake (INSTRUMENTAL)	https://www.youtube.com/watch?v=6J_O7E0ddhs
Ken Carson|Project X	Hella	https://www.youtube.com/watch?v=gQgAJytYabQ	Ken Carson - Hella (INSTRUMENTAL)	https://www.youtube.com/watch?v=r8-e1vZoIEo
Ken Carson|Project X	Clutch	https://www.youtube.com/watch?v=mK5V4-G-AJU	Ken Carson - Clutch【OFFICIAL INSTRUMENTAL】	https://www.youtube.com/watch?v=8uNjR4d0bPI
Ken Carson|Project X	Till I Die	https://www.youtube.com/watch?v=aHsF-898EZw	Ken Carson - Till I Die (Instrumental)	
Ken Carson|Project X	Burnin Up	https://www.youtube.com/watch?v=yTpBvvPXoVM	Ken Carson - Burnin Up (Instrumental)	https://www.youtube.com/watch?v=cjz6LNgm7oU
Ken Carson|Project X	So What	https://www.youtube.com/watch?v=kkVhBIlaVhs	Ken Carson - So What (Instrumental)	https://www.youtube.com/watch?v=ofMkZSW8siU
Ken Carson|A Great Chaos	Green Room	https://www.youtube.com/watch?v=-tyJJjdoxtU	Ken Carson - green room (Official Instrumental)	https://www.youtube.com/watch?v=h5G4ZVI5GeM
Ken Carson|A Great Chaos	Jennifer's Body	https://www.youtube.com/watch?v=RvQv8_jJsHY	Ken Carson - Jennifer's Body (Official Instrumental)	https://www.youtube.com/watch?v=U6COYxsB6hs
Ken Carson|A Great Chaos	Fighting My Demons	https://www.youtube.com/watch?v=s8AMxUo_15o	Ken Carson - Fighting My Demons (Official Instrumental)	https://www.youtube.com/watch?v=_rQDOjHMjk8
Ken Carson|A Great Chaos	Singapore	https://www.youtube.com/watch?v=E2_r-M6jfWU	Ken Carson - Singapore (Official Instrumental)	https://www.youtube.com/watch?v=hEMG1ih2740
Ken Carson|A Great Chaos	Lose It	https://www.youtube.com/watch?v=RUfDN7i6KRQ	Ken Carson - Lose It (Official Instrumental)	https://www.youtube.com/watch?v=S3uDGlluHgg
Ken Carson|A Great Chaos	Hardcore	https://www.youtube.com/playlist?list=PLLB0U3sXCDRiQ42TwpIQMwDRMwRQRRDHj	(no single video found) Ken Carson — A Great Chaos (Instrumentals) playlist	
Ken Carson|A Great Chaos	Me N My Kup	https://www.youtube.com/watch?v=WnlBWyyEKIg	Ken Carson - Me N My Kup (Official Instrumental)	https://www.youtube.com/watch?v=HA81gQtg0bo
Ken Carson|A Great Chaos	It's Over	https://www.youtube.com/watch?v=ysny34B06mk	Ken Carson - Its Over INSTRUMENTAL | A Great Chaos	https://www.youtube.com/watch?v=Xuj3Own1g5k
Ken Carson|A Great Chaos	Succubus	https://www.youtube.com/watch?v=o2EwExzO1F8	Ken Carson - Succubus (Official Instrumental)	https://www.youtube.com/watch?v=_ksaoLKnht4
Ken Carson|A Great Chaos	Paranoid	https://www.youtube.com/watch?v=pCKOJgPOzkE	Ken Carson - paranoid (feat. Destroy Lonely) (Instrumental)	https://www.youtube.com/watch?v=z-PNwad_m_0
Ken Carson|A Great Chaos	Pots	https://www.youtube.com/watch?v=rRyXWUmr2lc	Ken Carson - Pots (Official Instrumental)	https://www.youtube.com/watch?v=H5pHTmwyDgQ
Ken Carson|A Great Chaos	Like This	https://www.youtube.com/playlist?list=PLLB0U3sXCDRiQ42TwpIQMwDRMwRQRRDHj	(no single video found) Ken Carson — A Great Chaos (Instrumentals) playlist	https://www.youtube.com/playlist?list=PL786OPIoiQxFh-23ymvS95jsojWQKiYet
Ken Carson|A Great Chaos	Overtime	https://www.youtube.com/watch?v=OL8mR1wYUNo	Ken Carson - Overtime (Official Instrumental)	https://www.youtube.com/watch?v=oat-bYkU6-w
Ken Carson|A Great Chaos	Vampire Hour	https://www.youtube.com/watch?v=abpd3QgdJrI	Ken Carson - Vampire Hour (Official Instrumental)	https://www.youtube.com/watch?v=phqbluqopUo
Ken Carson|A Great Chaos	Nightcore	https://www.youtube.com/watch?v=W9WspVOC-14	Ken Carson - nightcore (Instrumental)	https://www.youtube.com/watch?v=nVthE2CME1g
Ken Carson|A Great Chaos	Nightcore 2	https://www.youtube.com/watch?v=oa7RFtao21c	Ken Carson - Nightcore 2 INSTRUMENTAL | A Great Chaos	https://www.youtube.com/watch?v=rdJ8swedi5s
Ken Carson|A Great Chaos	Rockstar Lifestyle	https://www.youtube.com/watch?v=kbG4KEtHR_g	Ken Carson - Rockstar Lifestyle (OFFICIAL INSTRUMENTAL)	https://www.youtube.com/watch?v=78me6tSIxJg
Ken Carson|A Great Chaos	I Need U	https://www.youtube.com/watch?v=L1jBdE6RklE	Ken Carson - i need u (Official Instrumental)	https://www.youtube.com/watch?v=jq2IsoyAJZM
Ken Carson|More Chaos	Lord Of Chaos	https://www.youtube.com/watch?v=AOdZjkNJH6Y	Lord of Chaos (Instrumental) - Ken Carson	https://www.youtube.com/watch?v=3p-Mc6ea8D4
Ken Carson|More Chaos	Xposed	https://www.youtube.com/watch?v=SB5GaFVgfHw	Ken Carson - Xposed (Official Instrumental)	https://www.youtube.com/watch?v=UWc0_MufDFk
Ken Carson|More Chaos	Money Spread	https://www.youtube.com/watch?v=NVewEux33gI	Money Spread (Instrumental) - Ken Carson (prod. Clif Shayne, Lukrative and Lucian)	https://www.youtube.com/watch?v=awOYFuvG_Qs
Ken Carson|More Chaos	Root Of All Evil	https://www.youtube.com/watch?v=SZCK3FK2dBk	Root of All Evil (Instrumental) - Ken Carson (prod. star boy, Outtatown, 16yrold and bass)	
Ken Carson|More Chaos	K-Hole	https://www.youtube.com/watch?v=MN-7dpDgg54	Ken Carson - K HOLE (Official Instrumental)	https://www.youtube.com/watch?v=rrW8H281ZvI
Ken Carson|More Chaos	Trap Jump	https://m.youtube.com/watch?v=Hkozonpbi5k	Ken Carson - Trap Jump (Instrumental)	https://www.youtube.com/watch?v=SIWgUVcEayc
Ken Carson|More Chaos	Blakk Rokkstar	https://www.youtube.com/watch?v=Mp-EvhrMXAw	Ken Carson - Blakk Rokkstar (Official Instrumental) *BEAT SWITCH*	https://www.youtube.com/watch?v=Djk6IVrr8BY
Ken Carson|More Chaos	LiveLeak	https://www.youtube.com/watch?v=lEkAROR6uD4	Ken Carson - liveleak (Official Instrumental)	https://www.youtube.com/watch?v=R_eNZhYHtQY
Ken Carson|More Chaos	Diamonds	https://www.youtube.com/watch?v=upMu86B9qCw	Diamonds (Instrumental) - Ken Carson (prod. Lucian, Esko, Cxsket, Mayyzo, bart how)	https://www.youtube.com/watch?v=aIGyXRHi9xc
Ken Carson|More Chaos	Dismantled	https://www.youtube.com/watch?v=GH85XzsqRaU	Dismantled (Instrumental) - Ken Carson (prod. Clif Shayne and Lucian)	https://www.youtube.com/watch?v=I7afXetvAb8
Ken Carson|More Chaos	200 Kash	https://www.youtube.com/watch?v=yZ3nXBppOdQ	200 KASH - Ken Carson (Official Instrumental)	https://www.youtube.com/watch?v=4K02LUrNi9E
Ken Carson|More Chaos	Down2Earth	https://www.youtube.com/watch?v=PqBWtoR1iUM	Ken Carson - DOWN2EARTH (Official Instrumental)	https://www.youtube.com/watch?v=xekLSRuTZS8
Ken Carson|More Chaos	Confetti	https://www.youtube.com/watch?v=tcZXKpteRNo	Confetti (Instrumental) - Ken Carson (prod. 16yrold and bass)	https://www.youtube.com/watch?v=RhxmC56MLyU
Ken Carson|More Chaos	Naked	https://www.youtube.com/watch?v=x81ZLuAsTJc	Naked (Instrumental) - Ken Carson (prod Four3va, ivvys, and mental)	https://www.youtube.com/watch?v=r-Dw_GB5m_8
Ken Carson|More Chaos	Kryptonite	https://www.youtube.com/watch?v=z8b1gQ1T9go	Ken Carson - Kryptonite【OFFICIAL INSTRUMENTAL】	https://www.youtube.com/watch?v=WtwjPPNV1AM
Ken Carson|More Chaos	Psycho	https://m.youtube.com/watch?v=IUgVg9NCygE	Ken Carson - Psycho INSTRUMENTAL	https://www.youtube.com/watch?v=0I6LWj9fn6g
Ken Carson|More Chaos	Inferno	https://www.youtube.com/watch?v=dF0C8MF-ISE	Ken Carson - INFERNO (Official Instrumental)	https://www.youtube.com/watch?v=rtijCr0EszU
Ken Carson|More Chaos	Thx	https://www.youtube.com/watch?v=8rNImGH84y0	Ken Carson - THX (Official Instrumental)	https://www.youtube.com/watch?v=zmSl5xxsu-c
Ken Carson|xperiment	wheredoistart			NOT FOUND
Ken Carson|xperiment	deaf note			NOT FOUND
Ken Carson|xperiment	shadeson			NOT FOUND
Ken Carson|xperiment	gynecologist	https://www.youtube.com/watch?v=ukg5tK4r5AI	Ken Carson - gynecologist (Instrumental)	
Ken Carson|xperiment	wrist			NOT FOUND
Ken Carson|xperiment	edm	https://www.youtube.com/watch?v=XXJxMFhLHoI	Ken Carson - EDM INSTRUMENTAL | Xperiment	
Ken Carson|xperiment	truth			NOT FOUND
Ken Carson|xperiment	outofmybody			NOT FOUND
Ken Carson|xperiment	the ritual	https://www.youtube.com/watch?v=ukC7KIsSvDY	Ken Carson - the ritual (Instrumental)	
Ken Carson|xperiment	ghost	https://www.youtube.com/watch?v=kS919j7jrh0	(Instrumental) Ken Carson ft. Lil Uzi Vert - ghost (Official Instrumental)	https://www.youtube.com/watch?v=e0Mg9NGt3PM
Ken Carson|xperiment	fw00	https://www.youtube.com/watch?v=z1XrGxjmUCA	Ken Carson - fw00 (Instrumental) [from xperiment]	
Ken Carson|xperiment	wedidit	https://www.youtube.com/watch?v=2St4C9rxRss	Ken Carson, Playboi Carti - wedidit (Instrumental) [from xperiment]	
Ken Carson|cartunez	Disturbing the Peace	https://www.youtube.com/watch?v=-9wW8GD7lFU	Ken Carson - disturbing the peace (Instrumental)	
Ken Carson|xperiment	interlude	https://www.youtube.com/watch?v=ifgBLswY0cg	Ken Carson - interlude (Instrumental)	
Ken Carson|xperiment	drug kit	https://www.youtube.com/watch?v=i7-Rkh8UreU	Ken Carson, Young Thug - drug kit (Instrumental)	https://www.youtube.com/watch?v=TPCnTTi1VZI
Ken Carson|xperiment	possession	https://www.youtube.com/watch?v=mJt-DjiKeGg	Ken Carson - possession (Instrumental)	
Ken Carson|xperiment	somanybags			NOT FOUND
Ken Carson|xperiment	shopping			NOT FOUND
Ken Carson|xperiment	amandabynes			NOT FOUND
Ken Carson|xperiment	amnesia	https://www.youtube.com/watch?v=uWR9Rps6k3g	Ken Carson - amnesia (Instrumental)	
Ken Carson|xperiment	flamethrower	https://www.youtube.com/watch?v=JSSgJM_QACU	Ken Carson - flamethrower (Instrumental)	
Ken Carson|xperiment	knocking	https://www.youtube.com/watch?v=DAvq5nhevbA	Ken Carson - knocking (Instrumental)	
Ken Carson|xperiment	addiction	https://www.youtube.com/watch?v=O08SKeV91P4	Ken Carson - addiction (Instrumental)	
Ken Carson|cartunez	Scrape	https://www.youtube.com/watch?v=5KZ4A4ggIGg	Ken Carson - scrape [INSTRUMENTAL] | From : Cartunez	
Ken Carson|cartunez	Swag Jack			NOT FOUND
Ken Carson|cartunez	Off a Bean	https://www.youtube.com/watch?v=RY9jgTCdzCs	Ken Carson - off a bean (Instrumental)	https://www.youtube.com/watch?v=WNiHJfBegmQ
Ken Carson|cartunez	Rare Creature	https://www.youtube.com/watch?v=hnpP1xqpS-Q	Ken Carson - rare creature (Instrumental)	
Ken Carson|cartunez	50K	https://www.youtube.com/watch?v=NBgNj8Q_urQ	Ken Carson — 50k (Instrumental)	https://www.youtube.com/watch?v=RuxuHjfAjzA
Ken Carson|cartunez	Roxy Reynolds	https://www.youtube.com/watch?v=QIMx5qKdC3w	Ken Carson — roxy reynolds (feat. Destroy Lonely) (Instrumental)	
Ken Carson|cartunez	Fake News	https://www.youtube.com/watch?v=E7EqzEKAgpA	Ken Carson - fake news [INSTRUMENTAL] | From : Cartunez	
Ken Carson|cartunez	005	https://www.youtube.com/watch?v=cqIshJ2mCfE	Ken Carson - 005 (Instrumental)	
Ken Carson|cartunez	Eaters	https://www.youtube.com/watch?v=m9NhTDkBSiU	Ken Carson - eaters (Instrumental)	
Ken Carson|cartunez	9 Bitches	https://www.youtube.com/watch?v=Jj4sa8zeo9I	(Instrumental) Ken Carson ft. ApolloRed1 - 9 bitches (Official Instrumental)	https://www.youtube.com/watch?v=KrmZ1xlWZvY
Ken Carson|cartunez	Vamp City	https://www.youtube.com/watch?v=vMFbWgy5HTM	Ken Carson, OsamaSon - vamp city (Instrumental)	https://m.youtube.com/watch?v=oQQJD6dgFH4
Ken Carson|cartunez	Yvngvmp	https://www.youtube.com/watch?v=XGtHfbeZNyQ	Ken Carson - yvngvmp (Instrumental)	
Ken Carson|X	Intro	https://www.youtube.com/watch?v=-WWTfM2-k8c	ken carson - intro instrumental	https://www.youtube.com/watch?v=cGdadjV2TOY
Ken Carson|X	New	https://www.youtube.com/watch?v=bwxj0ULsoTk	Ken Carson - New (INSTRUMENTAL)	
Ken Carson|X	Gems			NOT FOUND
Ken Carson|X	Nobody	https://www.youtube.com/watch?v=thKIU9x2c5Y	Ken Carson - Nobody INSTRUMENTAL	https://www.youtube.com/watch?v=vRSMzghPvFw
Ken Carson|X	Go	https://www.youtube.com/watch?v=xJ57E5Iysr8	Ken Carson - Go (Instrumental)	https://www.youtube.com/watch?v=y1f4Qvw8Fhw
Ken Carson|X	MDMA	https://www.youtube.com/watch?v=_uNMoRo-G54	Ken Carson ft. Destroy Lonely - MDMA (INSTRUMENTAL)	https://www.youtube.com/watch?v=8euR24eVRA0
Ken Carson|X	X	https://www.youtube.com/watch?v=U2AMeRknSmM	Ken Carson - X (Instrumental)	https://www.youtube.com/watch?v=kb-UAZMKdyE
Ken Carson|X	PDBMH	https://www.youtube.com/watch?v=gwFhwtLHmIo	Ken Carson - PDBMH (INSTRUMENTAL)	https://www.youtube.com/watch?v=AT_6WVdyWuk
Ken Carson|X	Money Hunt	https://www.youtube.com/watch?v=UDSpHOVi1kU	Ken Carson - Money Hunt (INSTRUMENTAL)	
Ken Carson|X	South Beach	https://www.youtube.com/watch?v=Xm1sf6pF-MA	Ken Carson - South Beach INSTRUMENTAL	https://www.youtube.com/watch?v=CHYAx4H3SIw
Ken Carson|X	Going Schitz			NOT FOUND
Ken Carson|X	Same Thing	https://www.youtube.com/watch?v=h2CmOD7txko	Ken Carson - Same Thing Instrumental {NO LOOPS}	https://www.youtube.com/watch?v=WSHIs67AVEo
Ken Carson|X	Freestyle 1	https://m.youtube.com/watch?v=zU79V4IKlIA	Ken Carson - Freestyle 1 (Official Instrumental)	https://www.youtube.com/watch?v=ELsYcYjOzQc
Ken Carson|X	Freestyle 2	https://www.youtube.com/watch?v=E--1nJ9TAhM	Freestyle 2 (Instrumental) - Ken Carson (prod. F1LTHY, AM, and Gab3)	https://www.youtube.com/watch?v=5Qquttb0LdY
Ken Carson|X	Fuk 12	https://www.youtube.com/watch?v=hSvvyIE-T8Q	Ken Carson - Fuk 12 (Instrumental)	
Ken Carson|X	Murda Musik	https://www.youtube.com/watch?v=coULGJZTevc	Ken Carson - Murda Musik (Instrumental) OFFICIAL	https://www.youtube.com/watch?v=lJIzNzM0BlY
Ken Carson|X	Delinquent	https://www.youtube.com/watch?v=cSo4nLcwDQA	Ken Carson - Delinquent (OFFICIAL INSTRUMENTAL) [ft. Homixide Gang]	https://www.youtube.com/watch?v=4ryWmzzPyXA
Ken Carson|X	Get Rich Or Die	https://www.youtube.com/watch?v=lGIHKLKezfs	Ken Carson - Get Rich Or Die (Official Instrumental)	https://www.youtube.com/watch?v=EKb4smJAj8M
Ken Carson|X	Turn Up			NOT FOUND
Ken Carson|X	The End	https://www.youtube.com/watch?v=0byKgTHWv70	Ken Carson - The End (Instrumental)	
Destroy Lonely|NO STYLIST	JETLGGD	https://www.youtube.com/watch?v=rRVGoXC3bgw	Destroy Lonely - JETLGGD (Official Instrumental)	https://www.youtube.com/watch?v=piATAu-ukfo
Destroy Lonely|NO STYLIST	BERGDORF			NOT FOUND
Destroy Lonely|NO STYLIST	<3MYGNG			NOT FOUND
Destroy Lonely|NO STYLIST	VTMNTSCOAT	https://www.youtube.com/watch?v=P_o8sRlMTOg	Destroy Lonely - VTMNTSCOAT (Instrumental)	https://www.youtube.com/watch?v=4mnPVsMuNdw
Destroy Lonely|NO STYLIST	NOSTYLIST	https://www.youtube.com/watch?v=b0T8ToZxnzQ	Destroy Lonely - NOSTYLIST (Instrumental)	https://www.youtube.com/watch?v=cWz5zZwF0iw
Destroy Lonely|NO STYLIST	FAKENGGAS	https://www.youtube.com/watch?v=YVhxYegG11o	Destroy Lonely - FAKENGGAS (Instrumental)	
Destroy Lonely|NO STYLIST	SOARIN			NOT FOUND
Destroy Lonely|NO STYLIST	TURNINUP	https://www.youtube.com/watch?v=vNxqMI1VEhQ	Destroy Lonely - TURNINUP (Official Instrumental)	https://www.youtube.com/watch?v=uFvQlXF5JoM
Destroy Lonely|NO STYLIST	LNLY			NOT FOUND
Destroy Lonely|NO STYLIST	PRSSURE			NOT FOUND
Destroy Lonely|NO STYLIST	ONTHETABLE	https://www.youtube.com/watch?v=S5mLEvtW8v0	Destroy Lonely - ONTHETABLE INSTRUMENTAL (prod. Clayco, ProllyIan)	
Destroy Lonely|NO STYLIST	SWGSKOOL			NOT FOUND
Destroy Lonely|NO STYLIST	CRYSTLCSTLES	https://www.youtube.com/watch?v=XP6mzMol7gE	Destroy Lonely - CRYSTLCSTLES Instrumental	
Destroy Lonely|If Looks Could Kill	how u feel?	https://www.youtube.com/watch?v=xh1u0FkPK5w	Destroy Lonely - how u feel? (Instrumental)	
Destroy Lonely|If Looks Could Kill	chris paul	https://www.youtube.com/watch?v=Z8sh6dB2fBk	Destroy Lonely - chris paul (Instrumental)	
Destroy Lonely|NO STYLIST	DANGEROUS	https://www.youtube.com/watch?v=WHX9VIziKco	Destroy Lonely - DANGEROUS INSTRUMENTAL (prod. xdkole)	
Destroy Lonely|NO STYLIST	MKEITSTOP	https://www.youtube.com/watch?v=HBzEBx7T3NY	Destroy Lonely - MKEITSTOP (INSTRUMENTAL)	https://www.youtube.com/watch?v=d_90r91JZIs
Destroy Lonely|NO STYLIST	ONTHEFLOOR	https://www.youtube.com/watch?v=dnPqW6WbELk	Destroy Lonely - ONTHEFLOOR INSTRUMENTAL	
Destroy Lonely|NO STYLIST	PASSAROUND			NOT FOUND
Destroy Lonely|NO STYLIST	OTW			NOT FOUND
Destroy Lonely|NO STYLIST	VETERAN	https://www.youtube.com/watch?v=EgEZfWfrzJY	Destroy Lonely - Veteran (Instrumental)	https://www.youtube.com/watch?v=Kb7KqJ_Kc4A
Destroy Lonely|If Looks Could Kill	if looks could kill	https://www.youtube.com/watch?v=1AZXSnXmbjM	Destroy Lonely - If Looks Could Kill (OFFICIAL INSTRUMENTAL)	https://www.youtube.com/watch?v=NuXCMROoonQ
Destroy Lonely|If Looks Could Kill	fly sht	https://www.youtube.com/watch?v=yA9QuVsDy9k	Destroy Lonely - fly sht (Instrumental) OFFICIAL	https://www.youtube.com/watch?v=fCtJS-LtLys
Destroy Lonely|If Looks Could Kill	which one			NOT FOUND
Destroy Lonely|If Looks Could Kill	raver	https://www.youtube.com/watch?v=_gWI5VIDkfY	Raver (Instrumental) - Destroy Lonely (prod. Clayco, 1Velveteen & xdkole)	
Destroy Lonely|If Looks Could Kill	came in wit	https://www.youtube.com/watch?v=C1TeKNWJrvU	Destroy Lonely - came in wit (Instrumental)	
Destroy Lonely|If Looks Could Kill	by the pound	https://www.youtube.com/watch?v=VyMJ4Vcq4fg	destroy lonely - by the pound instrumental	
Destroy Lonely|If Looks Could Kill	all the time	https://www.youtube.com/watch?v=4OA8Cx2fkrs	Destroy Lonely - all the time (Official Instrumental)	
Destroy Lonely|If Looks Could Kill	biggest problem			NOT FOUND
Destroy Lonely|If Looks Could Kill	superstar			NOT FOUND
Destroy Lonely|If Looks Could Kill	new new			NOT FOUND
Destroy Lonely|If Looks Could Kill	right now			NOT FOUND
Destroy Lonely|If Looks Could Kill	which way			NOT FOUND
Destroy Lonely|If Looks Could Kill	wagwan	https://m.youtube.com/watch?v=Vi8CtP9NqmU	(NO BS) Destroy Lonely - Wagwan (OFFICIAL INSTRUMENTAL)	https://m.youtube.com/watch?v=ch1KsHDRIEc
Destroy Lonely|If Looks Could Kill	moment of silence	https://www.youtube.com/watch?v=v6Xu5AxiRK8	destroy lonely - moment of silence / ain't free ( remaster & instrumental )	
Destroy Lonely|If Looks Could Kill	brazy girls	https://www.youtube.com/watch?v=Qt7dT8dmO3c	*INSTRUMENTAL* Destroy Lonely - brazy girls	
Destroy Lonely|If Looks Could Kill	goin up			NOT FOUND
Destroy Lonely|If Looks Could Kill	passenger			NOT FOUND
Destroy Lonely|If Looks Could Kill	your eyes	https://www.youtube.com/watch?v=7I4THjZzQ8Q	Destroy Lonely - your eyes (Instrumental)	
Destroy Lonely|If Looks Could Kill	promo			NOT FOUND
Destroy Lonely|If Looks Could Kill	worth it			NOT FOUND
Destroy Lonely|If Looks Could Kill	redlight			NOT FOUND
Destroy Lonely|If Looks Could Kill	make sum work	https://www.youtube.com/watch?v=IS457JvtFl4	Make Sum Work (Instrumental) - Destroy Lonely (prod. Clayco)	
Destroy Lonely|If Looks Could Kill	safety (interlude)	https://www.youtube.com/watch?v=Hb65jcESLRg	Destroy Lonely - safety (Instrumental)	
Destroy Lonely|If Looks Could Kill	money & sex	https://www.youtube.com/watch?v=wo0kFORRNNU	Destroy Lonely & Ken Carson - money & sex (official instrumental) prod. @ssort + Lucian	https://www.youtube.com/watch?v=i4XjbzmLBFo
Destroy Lonely|LOVE LASTS FOREVER	FOREVER	https://www.youtube.com/playlist?list=PL786OPIoiQxFaj4FDX-6zIdc3L4epRev6	(no single video found) Destroy Lonely Love Lasts Forever Instrumentals playlist	
Destroy Lonely|LOVE LASTS FOREVER	LOVE HURTS	https://www.youtube.com/playlist?list=PL786OPIoiQxFaj4FDX-6zIdc3L4epRev6	(no single video found) Destroy Lonely Love Lasts Forever Instrumentals playlist	
Destroy Lonely|LOVE LASTS FOREVER	LUV4YA	https://www.youtube.com/playlist?list=PL786OPIoiQxFaj4FDX-6zIdc3L4epRev6	(no single video found) Destroy Lonely Love Lasts Forever Instrumentals playlist	
Destroy Lonely|LOVE LASTS FOREVER	CRYSTAL CLEAR	https://www.youtube.com/watch?v=j2iDXtGaaJc	Destroy Lonely Crystal Clear Instrumental	
Destroy Lonely|LOVE LASTS FOREVER	BANGAZ			NOT FOUND
Destroy Lonely|LOVE LASTS FOREVER	BABY MONEY	https://www.youtube.com/watch?v=Fc8iKUYxQIo	Destroy Lonely - Baby Money INSTRUMENTAL	
Destroy Lonely|LOVE LASTS FOREVER	SAY THAT	https://www.youtube.com/playlist?list=PL786OPIoiQxFaj4FDX-6zIdc3L4epRev6	(no single video found) Destroy Lonely Love Lasts Forever Instrumentals playlist	
Destroy Lonely|LOVE LASTS FOREVER	PIMP TALK	https://www.youtube.com/playlist?list=PL786OPIoiQxFaj4FDX-6zIdc3L4epRev6	(no single video found) Destroy Lonely Love Lasts Forever Instrumentals playlist	
Destroy Lonely|LOVE LASTS FOREVER	WISH YOU WELL	https://www.youtube.com/watch?v=fPYWLjfKL2I	Destroy Lonely - WISH YOU WELL (INSTRUMENTAL)	
Destroy Lonely|LOVE LASTS FOREVER	CADILLAC	https://www.youtube.com/watch?v=S0EA7IddS84	Destroy Lonely - Cadillac INSTRUMENTAL	
Destroy Lonely|LOVE LASTS FOREVER	SYRUP SIPPIN	https://www.youtube.com/watch?v=vU5C83Of87c	Destroy Lonely - Syrup Sippin INSTRUMENTAL	https://www.youtube.com/watch?v=eHUJzsCAo7M
Destroy Lonely|LOVE LASTS FOREVER	LOCK IN	https://www.youtube.com/watch?v=rCZ0kAYQTb0	Destroy Lonely Lock In Instrumental	
Destroy Lonely|LOVE LASTS FOREVER	DOUBT IT	https://www.youtube.com/watch?v=-EAKCqEiys4	Destroy Lonely Doubt It Instrumental	https://m.youtube.com/watch?v=2MTxiMje_XE
Destroy Lonely|LOVE LASTS FOREVER	SHIP HER OFF	https://www.youtube.com/playlist?list=PL786OPIoiQxFaj4FDX-6zIdc3L4epRev6	(no single video found) Destroy Lonely Love Lasts Forever Instrumentals playlist	
Destroy Lonely|LOVE LASTS FOREVER	HONESTLY	https://www.youtube.com/watch?v=FR0LQn_XQdE	Honestly (Instrumental) - Destroy Lonely (prod. Lil 88, D. Rich & Chris XZ)	
Destroy Lonely|LOVE LASTS FOREVER	TAKE A TRIP	https://www.youtube.com/watch?v=NVvjicSi-C4	Destroy Lonely - TAKE A TRIP (INSTRUMENTAL)	
Destroy Lonely|LOVE LASTS FOREVER	EXTRA HIGH	https://www.youtube.com/watch?v=WF3TzjIH3zg	Destroy Lonely - EXTRA HIGH (INSTRUMENTAL)	
Destroy Lonely|LOVE LASTS FOREVER	AMERIKA	https://www.youtube.com/playlist?list=PL786OPIoiQxFaj4FDX-6zIdc3L4epRev6	(no single video found) Destroy Lonely Love Lasts Forever Instrumentals playlist	
Destroy Lonely|LOVE LASTS FOREVER	ABOUT MONEY	https://www.youtube.com/playlist?list=PL786OPIoiQxFaj4FDX-6zIdc3L4epRev6	(no single video found) Destroy Lonely Love Lasts Forever Instrumentals playlist	
Destroy Lonely|LOVE LASTS FOREVER	NO WORRIES	https://www.youtube.com/playlist?list=PL786OPIoiQxFaj4FDX-6zIdc3L4epRev6	(no single video found) Destroy Lonely Love Lasts Forever Instrumentals playlist	
Destroy Lonely|</3³	aint hard			NOT FOUND
Destroy Lonely|</3³	risk	https://www.youtube.com/watch?v=gbS0d37-tyk	Destroy Lonely - risk (Instrumental)	
Destroy Lonely|</3³	see no evil	https://www.youtube.com/watch?v=RhTzTPwdXMI	Destroy Lonely - see no evil (Instrumental)	https://www.youtube.com/watch?v=XBVES68Phd0
Destroy Lonely|</3³	no pressure			NOT FOUND
Destroy Lonely|</3³	stfu	https://www.youtube.com/watch?v=g0bU0v66kss	Destroy Lonely - stfu - Instrumental (90% Accurate)	
Destroy Lonely|</3³	show u how			NOT FOUND
Destroy Lonely|</3³	top flo			NOT FOUND
Destroy Lonely|</3³	kansas	https://www.youtube.com/watch?v=U-3MqIB-2K0	Destroy Lonely - kansas (Instrumental)	
Destroy Lonely|</3³	screwed up			NOT FOUND
Destroy Lonely|</3³	party n get high (interlude)			NOT FOUND
Destroy Lonely|</3³	leash	https://www.youtube.com/watch?v=QgAOcO_3AsA	Destroy Lonely - leash (Instrumental)	
Destroy Lonely|</3³	jumanji	https://www.youtube.com/watch?v=lWJ3ruVLUkw	DESTROY LONELY - JUMANJI (INSTRUMENTAL REMAKE) + FLP	
Destroy Lonely|</3³	not the mayor	https://www.youtube.com/watch?v=2I-a4RiClAM	Destroy Lonely - Not The Mayor (Instrumental)	
Destroy Lonely|</3³	blowin smoke			NOT FOUND
Destroy Lonely|</3³	kool on ya	https://www.youtube.com/watch?v=yG7RieMy-GY	Destroy Lonely - kool on ya (Instrumental)	
Destroy Lonely|</3³	soooo high			NOT FOUND
Destroy Lonely|</3³	open it up			NOT FOUND
Destroy Lonely|</3³	leave u out 2 dry	https://www.youtube.com/watch?v=OeSnUK7mkco	Destroy Lonely - leave u out 2 dry (Instrumental)	
Homixide Gang|Homixide Lifestyle	Lifestyle	https://www.youtube.com/watch?v=xIJVpRWwVZQ	Homixide Gang - Lifestyle (Instrumental) [prod. Sanikwave]	https://www.youtube.com/watch?v=fAfBFSDBWvs
Homixide Gang|Homixide Lifestyle	Guitars			NOT FOUND
Homixide Gang|i5u5we5	R50	https://www.youtube.com/watch?v=sir-pbu4rww	Homixide Gang - R50 (Instrumental)	
Homixide Gang|i5u5we5	SRT	https://www.youtube.com/watch?v=e4v68GebwgY	Homixide Gang - SRT (Instrumental)	
Homixide Gang|Homixide Lifestyle 2	5G	https://www.youtube.com/watch?v=LfdtSGX80Xc	(Instrumental) Homixide Gang - 5G (Official Instrumental)	
Homixide Gang|Homixide Lifestyle 2	VILLAIN!	https://www.youtube.com/watch?v=tpDaPCT52zE	Villain (Instrumental) - Homixide Gang	
Homixide Gang|Homixide Lifestyle	Can't Go			NOT FOUND
Homixide Gang|Homixide Lifestyle	Tatted			NOT FOUND
Homixide Gang|Homixide Lifestyle	5 Ways			NOT FOUND
Homixide Gang|Homixide Lifestyle	V-Friends	https://www.youtube.com/watch?v=tT8sRR_2xzs	Homixide Gang - V-Friends (INSTRUMENTAL)	
Homixide Gang|Homixide Lifestyle	BB			NOT FOUND
Homixide Gang|Homixide Lifestyle	Lif3	https://www.youtube.com/watch?v=PHSA6S9D9aM	Homixide Gang - Lif3 (instrumental remake)	
Homixide Gang|Homixide Lifestyle	TF!	https://www.youtube.com/watch?v=al7J0QVPBJI	Homixide Gang - TF Instrumental remake (@prod.mayday)	https://www.youtube.com/watch?v=i1SdGh6dySU
Homixide Gang|Homixide Lifestyle	Notice It			NOT FOUND
Homixide Gang|Homixide Lifestyle	None 2 Some			NOT FOUND
Homixide Gang|Homixide Lifestyle	Scale Stretcher			NOT FOUND
Homixide Gang|Homixide Lifestyle	Tripping			NOT FOUND
Homixide Gang|Homixide Lifestyle	Stunt	https://www.youtube.com/watch?v=hp7clWuHI24	Stunt (Instrumental) - Homixide Gang ft. Ken Carson (prod. Lil88)	https://m.youtube.com/watch?v=S0NNiP99qAs
Homixide Gang|Homixide Lifestyle	Drakon	https://www.youtube.com/watch?v=7Gf8it_6lso	Homixide Gang - Drakon (Instrumental)	
Homixide Gang|Homixide Lifestyle	CV			NOT FOUND
Homixide Gang|Homixide Lifestyle	Wings			NOT FOUND
Homixide Gang|Homixide Lifestyle	Shots Off			NOT FOUND
Homixide Gang|Snot or Not	Uzi Work	https://www.youtube.com/watch?v=u-UIz5_SUfk	Homixide Gang - Uzi Work (Instrumental)	https://www.youtube.com/watch?v=Z13ZIKTUG2M
Homixide Gang|Snot or Not	ADHD	https://www.youtube.com/watch?v=k5Ov_TtKFz8	Homixide Gang - ADHD (Instrumental)	https://www.youtube.com/watch?v=bvq0gTJxKBw
Homixide Gang|i5u5we5	SIDE EFFExT	https://www.youtube.com/watch?v=xkgh4M_PyOA	Homixide Gang - SIDE EFFExT (Ft. Lil Yachty) (Instrumental)	
Homixide Gang|i5u5we5	Sharp Sh00ter	https://www.youtube.com/watch?v=ftplj_Y2P_s	Homixide Gang - Sharp Sh00ter (Instrumental)	
Homixide Gang|i5u5we5	FiGure5 [INTERLUDE]	https://www.youtube.com/watch?v=xJSU_H2sWfU	Homixide Gang - FiGure5 [INTERLUDE] (Instrumental)	
Homixide Gang|Snot or Not	Homixide Language	https://www.youtube.com/playlist?list=PL368vyxpC_h2M4X28HnBvUcOgDBl4Gn26	(no single video found) Homixide Gang - Snot or Not (Instrumentals) playlist	
Homixide Gang|Snot or Not	5!RE	https://www.youtube.com/playlist?list=PL368vyxpC_h2M4X28HnBvUcOgDBl4Gn26	(no single video found) Homixide Gang - Snot or Not (Instrumentals) playlist	
Homixide Gang|Snot or Not	Wants & Needs	https://www.youtube.com/playlist?list=PL368vyxpC_h2M4X28HnBvUcOgDBl4Gn26	(no single video found) Homixide Gang - Snot or Not (Instrumentals) playlist	
Homixide Gang|Snot or Not	TNT	https://www.youtube.com/playlist?list=PL368vyxpC_h2M4X28HnBvUcOgDBl4Gn26	(no single video found) Homixide Gang - Snot or Not (Instrumentals) playlist	
Homixide Gang|Snot or Not	C4N	https://www.youtube.com/playlist?list=PL368vyxpC_h2M4X28HnBvUcOgDBl4Gn26	(no single video found) Homixide Gang - Snot or Not (Instrumentals) playlist	
Homixide Gang|Snot or Not	Snot Sh!t	https://www.youtube.com/playlist?list=PL368vyxpC_h2M4X28HnBvUcOgDBl4Gn26	(no single video found) Homixide Gang - Snot or Not (Instrumentals) playlist	
Homixide Gang|Snot or Not	Dive In	https://www.youtube.com/playlist?list=PL368vyxpC_h2M4X28HnBvUcOgDBl4Gn26	(no single video found) Homixide Gang - Snot or Not (Instrumentals) playlist	
Homixide Gang|Snot or Not	2 da Face	https://www.youtube.com/playlist?list=PL368vyxpC_h2M4X28HnBvUcOgDBl4Gn26	(no single video found) Homixide Gang - Snot or Not (Instrumentals) playlist	
Homixide Gang|5TH AMNDMNT	B5	https://www.youtube.com/watch?v=9N9yoT5hS3c	Homixide Gang - B5 【OFFICIAL INSTRUMENTAL】	
Homixide Gang|Homixide Lifestyle 2	PC5	https://www.youtube.com/watch?v=_RetRRUcJ8I	(Instrumental) Homixide Gang - PC5 (Official Instrumental)	
Homixide Gang|Snot or Not	Block Work	https://www.youtube.com/playlist?list=PL368vyxpC_h2M4X28HnBvUcOgDBl4Gn26	(no single video found) Homixide Gang - Snot or Not (Instrumentals) playlist	
Homixide Gang|Snot or Not	Flights Booked	https://www.youtube.com/playlist?list=PL368vyxpC_h2M4X28HnBvUcOgDBl4Gn26	(no single video found) Homixide Gang - Snot or Not (Instrumentals) playlist	
Homixide Gang|5TH AMNDMNT	Gunz in SOHO	https://www.youtube.com/watch?v=iYN5Y7qE0UQ	Homixide Gang - Gunz in SOHO【OFFICIAL INSTRUMENTAL】	
Homixide Gang|5TH AMNDMNT	LexLuger	https://www.youtube.com/watch?v=8GoNLvLfPgI	Homixide Gang - LexLuger【OFFICIAL INSTRUMENTAL】	
Homixide Gang|5TH AMNDMNT	NiNO 5ROWN	https://www.youtube.com/watch?v=YY6l70HZW3Q	Nino 5rown (Instrumental) - Homixide Gang (prod. F1LTHY and Rok)	
Homixide Gang|5TH AMNDMNT	MW5	https://www.youtube.com/playlist?list=PLLB0U3sXCDRiNbAS-zosJE60TRp5XOboa	(no single video found) Homixide Gang — 5TH AMNDMNT (Instrumentals) playlist	
Homixide Gang|5TH AMNDMNT	FroZone	https://www.youtube.com/playlist?list=PLLB0U3sXCDRiNbAS-zosJE60TRp5XOboa	(no single video found) Homixide Gang — 5TH AMNDMNT (Instrumentals) playlist	
Homixide Gang|5TH AMNDMNT	What It Is?!	https://www.youtube.com/playlist?list=PLLB0U3sXCDRiNbAS-zosJE60TRp5XOboa	(no single video found) Homixide Gang — 5TH AMNDMNT (Instrumentals) playlist	
Homixide Gang|Homixide Lifestyle 2	FREE AGENTS	https://www.youtube.com/watch?v=EKTdJP5_9ss	Homixide Gang - Free Agents (Instrumental)	
Homixide Gang|5TH AMNDMNT	5onjour	https://www.youtube.com/watch?v=eo5trslrhYI	Homixide Gang - 5ONJOUR【OFFICIAL INSTRUMENTAL】	https://www.youtube.com/watch?v=hwTh1-I-a2Y
Homixide Gang|5TH AMNDMNT	Hom3 Invasion	https://www.youtube.com/playlist?list=PLLB0U3sXCDRiNbAS-zosJE60TRp5XOboa	(no single video found) Homixide Gang — 5TH AMNDMNT (Instrumentals) playlist	
Homixide Gang|5TH AMNDMNT	5rew	https://www.youtube.com/watch?v=W6ZNwe9Sz7o	Homixide Gang - 5REW 【OFFICIAL INSTRUMENTAL】	
Homixide Gang|5TH AMNDMNT	Roundz	https://www.youtube.com/watch?v=XRdY4SZOFqw	Homixide Gang - Roundz【OFFICIAL INSTRUMENTAL】	
Homixide Gang|5TH AMNDMNT	DesignerDRÜGZ	https://www.youtube.com/watch?v=sVUlB9J7xh8	Homixide Gang - Designer Drügz【OFFICIAL INSTRUMENTAL】	https://www.youtube.com/watch?v=_Rns2cFOd3A
Homixide Gang|5TH AMNDMNT	Road Rage	https://www.youtube.com/watch?v=iP53HNmT_HM	Homixide Gang - Road Rage【OFFICIAL INSTRUMENTAL】	
Homixide Gang|5TH AMNDMNT	Left Hand	https://www.youtube.com/watch?v=7a3Kq1bm_qU	Homixide Gang - Left Hand (instrumental)	
Homixide Gang|5TH AMNDMNT	RckstarB!tch	https://www.youtube.com/playlist?list=PLLB0U3sXCDRiNbAS-zosJE60TRp5XOboa	(no single video found) Homixide Gang — 5TH AMNDMNT (Instrumentals) playlist	
Homixide Gang|Homixide Lifestyle 2	REDRAC	https://www.youtube.com/watch?v=j1mS_EMaT48	Redrag (Instrumental) - Homixide Gang (prod. Maaly Raw, Risan & Kat Lightning)	
Homixide Gang|5TH AMNDMNT	25/8	https://www.youtube.com/playlist?list=PLLB0U3sXCDRiNbAS-zosJE60TRp5XOboa	(no single video found) Homixide Gang — 5TH AMNDMNT (Instrumentals) playlist	
Homixide Gang|5TH AMNDMNT	AddXcts	https://www.youtube.com/watch?v=vpLhMQxT8tI	Homixide Gang - AddXcts【OFFICIAL INSTRUMENTAL】	https://www.youtube.com/watch?v=3K2PH-PK1lI
Homixide Gang|5TH AMNDMNT	E.U.	https://www.youtube.com/playlist?list=PLLB0U3sXCDRiNbAS-zosJE60TRp5XOboa	(no single video found) Homixide Gang — 5TH AMNDMNT (Instrumentals) playlist	
Homixide Gang|5TH AMNDMNT	HXG Bizness	https://www.youtube.com/watch?v=GVtatOTxGjA	Homixide Gang - HXG Bizness【OFFICIAL INSTRUMENTAL】	
Homixide Gang|i5u5we5	VersionF!VE	https://www.youtube.com/playlist?list=PLAzmGZwasJcGNHaWcHXNAel60X3EPjaR0	(no single video found) i5u5we5 (Instrumentals) playlist	
Homixide Gang|i5u5we5	FA5EBUSTER	https://www.youtube.com/playlist?list=PLAzmGZwasJcGNHaWcHXNAel60X3EPjaR0	(no single video found) i5u5we5 (Instrumentals) playlist	
Homixide Gang|i5u5we5	SwanTon BOMB	https://www.youtube.com/watch?v=tXZr6ptbudw	Homixide Gang - SwanTon BOMB (Instrumental)	https://www.youtube.com/watch?v=VCgxONEz6WQ
Homixide Gang|Homixide Lifestyle 2	PB&J	https://www.youtube.com/watch?v=RoXngdeRlAU	(Instrumental) Homixide Gang ft. Ken Carson - PB&J (Official Instrumental)	
Homixide Gang|i5u5we5	DeathLOK	https://www.youtube.com/watch?v=rKkKEbgd2v0	Homixide Gang - DeathLOK (instrumental)	
Homixide Gang|i5u5we5	2xTREME	https://www.youtube.com/playlist?list=PLAzmGZwasJcGNHaWcHXNAel60X3EPjaR0	(no single video found) i5u5we5 (Instrumentals) playlist	
Homixide Gang|i5u5we5	00-MEGA	https://www.youtube.com/playlist?list=PLAzmGZwasJcGNHaWcHXNAel60X3EPjaR0	(no single video found) i5u5we5 (Instrumentals) playlist	
Homixide Gang|i5u5we5	HI-VOLTAGE	https://www.youtube.com/playlist?list=PLAzmGZwasJcGNHaWcHXNAel60X3EPjaR0	(no single video found) i5u5we5 (Instrumentals) playlist	
Homixide Gang|i5u5we5	SMAKDWN	https://www.youtube.com/watch?v=nI_M-3oTC0w	Homixide Gang - SMAKDWN (Instrumental)	
Homixide Gang|i5u5we5	TABLESandLATTER5	https://www.youtube.com/watch?v=0TZ0_k-B5Q0	TABLESandLATTER5 (Instrumental) - Homixide Gang	
Homixide Gang|Homixide Lifestyle 2	1-800-555-OPIUM			NOT FOUND
Homixide Gang|Homixide Lifestyle 2	CALL ON ME	https://www.youtube.com/watch?v=IkREEGnq9UM	Homixide Gang - Call On Me (Instrumental)	
Homixide Gang|Homixide Lifestyle 2	SOUL-FLY			NOT FOUND
Homixide Gang|Homixide Lifestyle 2	VICE CITY			NOT FOUND
Homixide Gang|Homixide Lifestyle 2	FRANK MATTHEWS	https://www.youtube.com/watch?v=s4SoCb-gFe0	HXG / Homixide Gang - FRANK MATTHEWS (INSTRUMENTAL REPROD)	
Homixide Gang|Homixide Lifestyle 2	RED TAILS			NOT FOUND
Homixide Gang|Homixide Lifestyle 2	FACETIME			NOT FOUND
Homixide Gang|Homixide Lifestyle 2	JOHNNY CAGE	https://www.youtube.com/watch?v=7-CATJmSnIg	Johnny Cage (Instrumental) - Homixide Gang (prod. ATL Jacob & YP Young Phil)	
Homixide Gang|Homixide Lifestyle 2	SOBER			NOT FOUND
Homixide Gang|Homixide Lifestyle 2	BREEZE	https://www.youtube.com/watch?v=evq_ZX3Lz9o	Breeze (Instrumental) - Homixide Gang (prod. Lastwordbeats, YP Young Phil, Berge.af & Zay Tekken)	
Homixide Gang|Homixide Lifestyle 2	WATCH OUT			NOT FOUND
Homixide Gang|Homixide Lifestyle 2	GOING ON	https://www.youtube.com/watch?v=cL5OL6x9Y0w	Going On (Instrumental) - Homixide Gang (prod. Section 8)	
Homixide Gang|Homixide Lifestyle 2	HEADTAP!	https://www.youtube.com/watch?v=AKYOY0gmhrk	Headtap (Instrumental) - Homixide Gang (prod. Section 8, Chris Marek & Fazi)	
Homixide Gang|Homixide Lifestyle 2	SHOPPING BAGS			NOT FOUND
Homixide Gang|Homixide Lifestyle 2	STATE PROPERTY			NOT FOUND
Homixide Gang|Homixide Lifestyle 2	$$$ PROBLEMS			NOT FOUND
Homixide Gang|Homixide Lifestyle 2	NUN 2 IT			NOT FOUND
Homixide Gang|Homixide Lifestyle 2	GVNGANATI			NOT FOUND
Homixide Gang|Homixide Lifestyle 2	NINTENDO			NOT FOUND
